ID	TYPE	Cell_type	Marker_set	Comment	Species
ID	TYPE	A skos:prefLabel	AI CLM:0010000	A rdfs:comment	AI RO:0002175 SPLIT=|
http://example.org/5834aad5-b359-57f0-ada6-43ff0f86d35e	owl:NamedIndividual	Astro	CLM:1000062	A Astro in the Human Brain has the gene markers OBI1-AS1 with a NS-Forest FBeta value of 0.957043843s.	NCBITaxon:9606
http://example.org/2faf99ba-bb40-5d33-9fef-4f9ee2d3b8cf	owl:NamedIndividual	Astro	CLM:1000062	A Astro in the Human Brain has the gene markers OBI1-AS1 with a NS-Forest FBeta value of 0.957043843s.	NCBITaxon:9606
http://example.org/3ad8742d-0658-520b-8caa-860b144f34dc	owl:NamedIndividual	Chandelier	CLM:1000063	A Chandelier in the Human Brain has the gene markers GPR149, CA8 with a NS-Forest FBeta value of 0.799748111s.	NCBITaxon:9606
http://example.org/87c7a4ec-f900-5e45-90e0-20f36a4de3d0	owl:NamedIndividual	Chandelier	CLM:1000063	A Chandelier in the Human Brain has the gene markers GPR149, CA8 with a NS-Forest FBeta value of 0.799748111s.	NCBITaxon:9606
http://example.org/893130a9-4a8b-52ab-81f8-ca2393291bc3	owl:NamedIndividual	Endo	CLM:1000064	A Endo in the Human Brain has the gene markers FLT1, ABCG2 with a NS-Forest FBeta value of 0.923892465s.	NCBITaxon:9606
http://example.org/e2cc2c8e-db8e-5789-a248-c2a5483a8bb2	owl:NamedIndividual	Endo	CLM:1000064	A Endo in the Human Brain has the gene markers FLT1, ABCG2 with a NS-Forest FBeta value of 0.923892465s.	NCBITaxon:9606
http://example.org/02ba3608-520e-58c3-8296-7a30fb44b792	owl:NamedIndividual	L2/3 IT	CLM:1000065	A L2/3 IT in the Human Brain has the gene markers ONECUT2, COL5A2 with a NS-Forest FBeta value of 0.670149932s.	NCBITaxon:9606
http://example.org/db32bc1e-fdfe-549b-a613-ebd0592bd1a9	owl:NamedIndividual	L2/3 IT	CLM:1000065	A L2/3 IT in the Human Brain has the gene markers ONECUT2, COL5A2 with a NS-Forest FBeta value of 0.670149932s.	NCBITaxon:9606
http://example.org/66c30064-a0a6-5421-abc8-26185ca2130d	owl:NamedIndividual	L4 IT	CLM:1000066	A L4 IT in the Human Brain has the gene markers RORB, ST8SIA4 with a NS-Forest FBeta value of 0.720108696s.	NCBITaxon:9606
http://example.org/2f3cac5b-3a24-566b-b3d6-a38d79280e86	owl:NamedIndividual	L4 IT	CLM:1000066	A L4 IT in the Human Brain has the gene markers RORB, ST8SIA4 with a NS-Forest FBeta value of 0.720108696s.	NCBITaxon:9606
http://example.org/0353b724-00ce-5af3-81d0-975e4b9125c0	owl:NamedIndividual	L5 ET	CLM:1000067	A L5 ET in the Human Brain has the gene markers CHST8, POU3F1 with a NS-Forest FBeta value of 0.815891473s.	NCBITaxon:9606
http://example.org/a03c0def-b059-59eb-8a2c-cee76ab191c9	owl:NamedIndividual	L5 ET	CLM:1000067	A L5 ET in the Human Brain has the gene markers CHST8, POU3F1 with a NS-Forest FBeta value of 0.815891473s.	NCBITaxon:9606
http://example.org/4f07ac00-784e-5208-84e7-dae2729e2a36	owl:NamedIndividual	L5 IT	CLM:1000068	A L5 IT in the Human Brain has the gene markers ARSJ, RORB, KCNK2 with a NS-Forest FBeta value of 0.764261336s.	NCBITaxon:9606
http://example.org/ae7bfb26-8398-53fd-b60a-9e9478620261	owl:NamedIndividual	L5 IT	CLM:1000068	A L5 IT in the Human Brain has the gene markers ARSJ, RORB, KCNK2 with a NS-Forest FBeta value of 0.764261336s.	NCBITaxon:9606
http://example.org/a41bb1bd-5fd3-5dbf-86f8-9c230501c6db	owl:NamedIndividual	L5/6 NP	CLM:1000069	A L5/6 NP in the Human Brain has the gene markers NPSR1-AS1, TLL1 with a NS-Forest FBeta value of 0.899288218s.	NCBITaxon:9606
http://example.org/0ae7c362-4542-5693-9231-53884050359d	owl:NamedIndividual	L5/6 NP	CLM:1000069	A L5/6 NP in the Human Brain has the gene markers NPSR1-AS1, TLL1 with a NS-Forest FBeta value of 0.899288218s.	NCBITaxon:9606
http://example.org/71862bd2-d5f1-5b8c-9813-a451e823b599	owl:NamedIndividual	L6 CT	CLM:1000070	A L6 CT in the Human Brain has the gene markers SEMA5B, ADAMTSL1, SULF1 with a NS-Forest FBeta value of 0.631898455s.	NCBITaxon:9606
http://example.org/e7098671-5ba6-54d3-87f1-b989a44f9b69	owl:NamedIndividual	L6 CT	CLM:1000070	A L6 CT in the Human Brain has the gene markers SEMA5B, ADAMTSL1, SULF1 with a NS-Forest FBeta value of 0.631898455s.	NCBITaxon:9606
http://example.org/ce6e61d7-e493-543b-8d78-4560237e7f21	owl:NamedIndividual	L6 IT	CLM:1000071	A L6 IT in the Human Brain has the gene markers LINC00507, THEMIS with a NS-Forest FBeta value of 0.641695703s.	NCBITaxon:9606
http://example.org/d5b9061d-2796-51e5-bcaa-87d5925ecaa1	owl:NamedIndividual	L6 IT	CLM:1000071	A L6 IT in the Human Brain has the gene markers LINC00507, THEMIS with a NS-Forest FBeta value of 0.641695703s.	NCBITaxon:9606
http://example.org/69c708db-8620-5031-a02e-11c8a733a3d9	owl:NamedIndividual	L6 IT Car3	CLM:1000072	A L6 IT Car3 in the Human Brain has the gene markers SMYD1, THEMIS with a NS-Forest FBeta value of 0.877752028s.	NCBITaxon:9606
http://example.org/43b78d16-7d68-59a5-b2ec-9e64c0aab706	owl:NamedIndividual	L6 IT Car3	CLM:1000072	A L6 IT Car3 in the Human Brain has the gene markers SMYD1, THEMIS with a NS-Forest FBeta value of 0.877752028s.	NCBITaxon:9606
http://example.org/e6389f82-51ed-56af-b851-de611ec1e0d3	owl:NamedIndividual	L6b	CLM:1000073	A L6b in the Human Brain has the gene markers CCN2, ROS1 with a NS-Forest FBeta value of 0.819940964s.	NCBITaxon:9606
http://example.org/b5a8c5d8-c5f9-5026-b716-d1975b3d83ea	owl:NamedIndividual	L6b	CLM:1000073	A L6b in the Human Brain has the gene markers CCN2, ROS1 with a NS-Forest FBeta value of 0.819940964s.	NCBITaxon:9606
http://example.org/711e9ee0-085e-5c70-9ed1-64b294bd454f	owl:NamedIndividual	Lamp5	CLM:1000074	A Lamp5 in the Human Brain has the gene markers LINC00298, KIT with a NS-Forest FBeta value of 0.814687838s.	NCBITaxon:9606
http://example.org/cbee5de5-da3c-5ca4-b5bd-8bd32502b068	owl:NamedIndividual	Lamp5	CLM:1000074	A Lamp5 in the Human Brain has the gene markers LINC00298, KIT with a NS-Forest FBeta value of 0.814687838s.	NCBITaxon:9606
http://example.org/90aafd0c-f327-58f2-8d2c-5564ffa8063c	owl:NamedIndividual	Lamp5 Lhx6	CLM:1000075	A Lamp5 Lhx6 in the Human Brain has the gene markers CHST9, LAMP5 with a NS-Forest FBeta value of 0.821678322s.	NCBITaxon:9606
http://example.org/7a04939b-d8a5-5aac-a085-3239e836c862	owl:NamedIndividual	Lamp5 Lhx6	CLM:1000075	A Lamp5 Lhx6 in the Human Brain has the gene markers CHST9, LAMP5 with a NS-Forest FBeta value of 0.821678322s.	NCBITaxon:9606
http://example.org/7a4595fe-e4c4-5660-be4c-99a12504917b	owl:NamedIndividual	Micro/PVM	CLM:1000076	A Micro/PVM in the Human Brain has the gene markers APBB1IP, DOCK8 with a NS-Forest FBeta value of 0.955105634s.	NCBITaxon:9606
http://example.org/ae11f4b1-564f-5b4c-9899-d04eca186ae3	owl:NamedIndividual	Micro/PVM	CLM:1000076	A Micro/PVM in the Human Brain has the gene markers APBB1IP, DOCK8 with a NS-Forest FBeta value of 0.955105634s.	NCBITaxon:9606
http://example.org/d915b34b-787f-5d3d-afa9-62adfd300f65	owl:NamedIndividual	OPC	CLM:1000077	A OPC in the Human Brain has the gene markers FERMT1 with a NS-Forest FBeta value of 0.741071429s.	NCBITaxon:9606
http://example.org/14d9754b-1eea-5a7c-97ff-de38f1b4edb5	owl:NamedIndividual	OPC	CLM:1000077	A OPC in the Human Brain has the gene markers FERMT1 with a NS-Forest FBeta value of 0.741071429s.	NCBITaxon:9606
http://example.org/06b2002f-99f5-5159-91ab-035f401426fe	owl:NamedIndividual	Oligo	CLM:1000078	A Oligo in the Human Brain has the gene markers ST18, PLP1 with a NS-Forest FBeta value of 0.97185637s.	NCBITaxon:9606
http://example.org/2ca69824-405d-59c8-a937-48a7dd22677b	owl:NamedIndividual	Oligo	CLM:1000078	A Oligo in the Human Brain has the gene markers ST18, PLP1 with a NS-Forest FBeta value of 0.97185637s.	NCBITaxon:9606
http://example.org/87809caf-8c18-5bb3-8b36-22c761abe966	owl:NamedIndividual	Pax6	CLM:1000079	A Pax6 in the Human Brain has the gene markers RELN, HCRTR2 with a NS-Forest FBeta value of 0.724125093s.	NCBITaxon:9606
http://example.org/6f0e6c63-4188-5b12-88b2-a2fae74cee13	owl:NamedIndividual	Pax6	CLM:1000079	A Pax6 in the Human Brain has the gene markers RELN, HCRTR2 with a NS-Forest FBeta value of 0.724125093s.	NCBITaxon:9606
http://example.org/9d569766-6d7b-5ffa-894a-e7f346d314bf	owl:NamedIndividual	Pvalb	CLM:1000080	A Pvalb in the Human Brain has the gene markers PVALB, TAC1, MYO5B with a NS-Forest FBeta value of 0.691998764s.	NCBITaxon:9606
http://example.org/a13f04d8-6ca9-522e-8867-e83329e3cee8	owl:NamedIndividual	Pvalb	CLM:1000080	A Pvalb in the Human Brain has the gene markers PVALB, TAC1, MYO5B with a NS-Forest FBeta value of 0.691998764s.	NCBITaxon:9606
http://example.org/5abfad32-62f8-53bf-bad2-4bcafe571e93	owl:NamedIndividual	Sncg	CLM:1000081	A Sncg in the Human Brain has the gene markers RXRG, THSD7B with a NS-Forest FBeta value of 0.628943702s.	NCBITaxon:9606
http://example.org/6e98c20d-30b7-5a38-89a7-992a776c53ea	owl:NamedIndividual	Sncg	CLM:1000081	A Sncg in the Human Brain has the gene markers RXRG, THSD7B with a NS-Forest FBeta value of 0.628943702s.	NCBITaxon:9606
http://example.org/34e6e2f1-7987-57d7-bdae-531413a20b43	owl:NamedIndividual	Sst	CLM:1000082	A Sst in the Human Brain has the gene markers SST, PLCH1 with a NS-Forest FBeta value of 0.842367005s.	NCBITaxon:9606
http://example.org/5ea4fcf6-f505-5700-ae53-ff241ccdbcf9	owl:NamedIndividual	Sst	CLM:1000082	A Sst in the Human Brain has the gene markers SST, PLCH1 with a NS-Forest FBeta value of 0.842367005s.	NCBITaxon:9606
http://example.org/6335c542-c4f5-501b-ab63-39ec43434a16	owl:NamedIndividual	Sst Chodl	CLM:1000083	A Sst Chodl in the Human Brain has the gene markers NPY with a NS-Forest FBeta value of 0.894026187s.	NCBITaxon:9606
http://example.org/40203770-4c13-5fcf-be4a-906a71c7044c	owl:NamedIndividual	Sst Chodl	CLM:1000083	A Sst Chodl in the Human Brain has the gene markers NPY with a NS-Forest FBeta value of 0.894026187s.	NCBITaxon:9606
http://example.org/58c601b4-bff0-5d0b-b213-ff22c11b07ed	owl:NamedIndividual	VLMC	CLM:1000084	A VLMC in the Human Brain has the gene markers CARMN with a NS-Forest FBeta value of 0.863105175s.	NCBITaxon:9606
http://example.org/fa40cb41-333e-57de-a6f6-b91d9c36d80a	owl:NamedIndividual	VLMC	CLM:1000084	A VLMC in the Human Brain has the gene markers CARMN with a NS-Forest FBeta value of 0.863105175s.	NCBITaxon:9606
http://example.org/094c4cd8-3002-5e4f-937d-c84d8c9c1f6d	owl:NamedIndividual	Vip	CLM:1000085	A Vip in the Human Brain has the gene markers VIP with a NS-Forest FBeta value of 0.855531344s.	NCBITaxon:9606
http://example.org/5a897c51-9e24-5ac5-af82-020dcc94f5f7	owl:NamedIndividual	Vip	CLM:1000085	A Vip in the Human Brain has the gene markers VIP with a NS-Forest FBeta value of 0.855531344s.	NCBITaxon:9606
http://example.org/2ff120ba-bb3d-5cf7-a945-ac45b6929de0	owl:NamedIndividual	Astro_1	CLM:1001086	A Astro_1 in the Human Brain has the gene markers SLC1A3, HPSE2 with a NS-Forest FBeta value of 0.6796875s.	NCBITaxon:9606
http://example.org/6fdb13b4-30ff-5951-b72d-6291263b50c9	owl:NamedIndividual	Astro_1	CLM:1001086	A Astro_1 in the Human Brain has the gene markers SLC1A3, HPSE2 with a NS-Forest FBeta value of 0.6796875s.	NCBITaxon:9606
http://example.org/1a7151c5-448a-54fc-9dac-826a5e957e7a	owl:NamedIndividual	Astro_2	CLM:1001087	A Astro_2 in the Human Brain has the gene markers LINC01411, OBI1-AS1 with a NS-Forest FBeta value of 0.5566801619433198s.	NCBITaxon:9606
http://example.org/9f82188c-bd91-599c-9113-28edfc33e7fd	owl:NamedIndividual	Astro_2	CLM:1001087	A Astro_2 in the Human Brain has the gene markers LINC01411, OBI1-AS1 with a NS-Forest FBeta value of 0.5566801619433198s.	NCBITaxon:9606
http://example.org/bf89bcc6-ae10-586a-ac86-e4555f50114c	owl:NamedIndividual	Astro_3	CLM:1001088	A Astro_3 in the Human Brain has the gene markers HEPN1, F3, AGT, GJA1, AQP4 with a NS-Forest FBeta value of 0.5711722488038278s.	NCBITaxon:9606
http://example.org/017d6c72-e7fd-5da0-b339-cf41c9dec014	owl:NamedIndividual	Astro_3	CLM:1001088	A Astro_3 in the Human Brain has the gene markers HEPN1, F3, AGT, GJA1, AQP4 with a NS-Forest FBeta value of 0.5711722488038278s.	NCBITaxon:9606
http://example.org/3441c107-1ddf-5c54-ab62-fef0004c25d8	owl:NamedIndividual	Astro_4	CLM:1001089	A Astro_4 in the Human Brain has the gene markers PPP1R3C, ETNPPL, ID4, OBI1-AS1 with a NS-Forest FBeta value of 0.47279792746113986s.	NCBITaxon:9606
http://example.org/8a2425e6-0de6-5e85-a1f6-dc0f6c10d913	owl:NamedIndividual	Astro_4	CLM:1001089	A Astro_4 in the Human Brain has the gene markers PPP1R3C, ETNPPL, ID4, OBI1-AS1 with a NS-Forest FBeta value of 0.47279792746113986s.	NCBITaxon:9606
http://example.org/1ed5c9b6-1f52-5ce9-8dbf-6e1d39e8d767	owl:NamedIndividual	Astro_5	CLM:1001090	A Astro_5 in the Human Brain has the gene markers TNC, CD44 with a NS-Forest FBeta value of 0.7512626262626262s.	NCBITaxon:9606
http://example.org/e1311248-e8ee-50b4-9848-72e586bd0c96	owl:NamedIndividual	Astro_5	CLM:1001090	A Astro_5 in the Human Brain has the gene markers TNC, CD44 with a NS-Forest FBeta value of 0.7512626262626262s.	NCBITaxon:9606
http://example.org/a57d172b-80be-50ce-a0b7-e1ec6b4d6469	owl:NamedIndividual	Chandelier_1	CLM:1001091	A Chandelier_1 in the Human Brain has the gene markers CA8, GPR149 with a NS-Forest FBeta value of 0.7997481108312343s.	NCBITaxon:9606
http://example.org/7772db65-7667-5c09-9895-12790af6d02a	owl:NamedIndividual	Endo_1	CLM:1001092	A Endo_1 in the Human Brain has the gene markers COLEC12, VWF, FLT1, ABCG2 with a NS-Forest FBeta value of 0.831353919239905s.	NCBITaxon:9606
http://example.org/bef8deb2-682e-56c3-9e4a-e0d4e88328e6	owl:NamedIndividual	Endo_2	CLM:1001093	A Endo_2 in the Human Brain has the gene markers HERC2P3, PRKCH with a NS-Forest FBeta value of 0.8270877944325483s.	NCBITaxon:9606
http://example.org/c5615c94-4297-5bb6-affe-35e4162bc9c0	owl:NamedIndividual	L2/3 IT_1	CLM:1001094	A L2/3 IT_1 in the Human Brain has the gene markers PRSS12, ROS1, COL5A2, SLC38A11 with a NS-Forest FBeta value of 0.5517711171662125s.	NCBITaxon:9606
http://example.org/2f2926a8-3258-5ce8-b8cb-df93061dbdfb	owl:NamedIndividual	L2/3 IT_1	CLM:1001094	A L2/3 IT_1 in the Human Brain has the gene markers PRSS12, ROS1, COL5A2, SLC38A11 with a NS-Forest FBeta value of 0.5517711171662125s.	NCBITaxon:9606
http://example.org/ee0a1886-c424-5ef6-b30b-2f3f29c381ad	owl:NamedIndividual	L2/3 IT_2	CLM:1001095	A L2/3 IT_2 in the Human Brain has the gene markers THSD4, TESPA1, TRPC3 with a NS-Forest FBeta value of 0.6621140142517815s.	NCBITaxon:9606
http://example.org/ae1cef1c-594b-55ec-851d-c013e92608c1	owl:NamedIndividual	L2/3 IT_2	CLM:1001095	A L2/3 IT_2 in the Human Brain has the gene markers THSD4, TESPA1, TRPC3 with a NS-Forest FBeta value of 0.6621140142517815s.	NCBITaxon:9606
http://example.org/6aa60a29-474e-5b4d-861c-f1ecb95a4eb2	owl:NamedIndividual	L2/3 IT_3	CLM:1001096	A L2/3 IT_3 in the Human Brain has the gene markers COL27A1, ONECUT2, MOXD1, BMPR1B with a NS-Forest FBeta value of 0.675117924528302s.	NCBITaxon:9606
http://example.org/d781b304-b8fc-5868-81b4-3cc113c8165f	owl:NamedIndividual	L2/3 IT_3	CLM:1001096	A L2/3 IT_3 in the Human Brain has the gene markers COL27A1, ONECUT2, MOXD1, BMPR1B with a NS-Forest FBeta value of 0.675117924528302s.	NCBITaxon:9606
http://example.org/bfa7d1c5-b072-5e4c-931c-06e4258688e6	owl:NamedIndividual	L2/3 IT_4	CLM:1001097	A L2/3 IT_4 in the Human Brain has the gene markers TPBG, FAP, ONECUT2, COL5A2 with a NS-Forest FBeta value of 0.6337047353760445s.	NCBITaxon:9606
http://example.org/c38be215-5341-5ac3-b916-f28efd10ddf6	owl:NamedIndividual	L2/3 IT_4	CLM:1001097	A L2/3 IT_4 in the Human Brain has the gene markers TPBG, FAP, ONECUT2, COL5A2 with a NS-Forest FBeta value of 0.6337047353760445s.	NCBITaxon:9606
http://example.org/9acf62d3-efb7-58be-9db1-987a795a62cd	owl:NamedIndividual	L2/3 IT_5	CLM:1001098	A L2/3 IT_5 in the Human Brain has the gene markers GPX3, ADCYAP1, RMST with a NS-Forest FBeta value of 0.5061141304347826s.	NCBITaxon:9606
http://example.org/09e1dbd4-a184-50b4-aaf9-6d6f833653ff	owl:NamedIndividual	L2/3 IT_5	CLM:1001098	A L2/3 IT_5 in the Human Brain has the gene markers GPX3, ADCYAP1, RMST with a NS-Forest FBeta value of 0.5061141304347826s.	NCBITaxon:9606
http://example.org/515ceee6-c931-5335-a614-848f8aa99014	owl:NamedIndividual	L2/3 IT_6	CLM:1001099	A L2/3 IT_6 in the Human Brain has the gene markers LINC00507, ADAMTS3, LY86-AS1 with a NS-Forest FBeta value of 0.5509868421052632s.	NCBITaxon:9606
http://example.org/83076678-c74e-5665-86fb-1f738129ca45	owl:NamedIndividual	L2/3 IT_6	CLM:1001099	A L2/3 IT_6 in the Human Brain has the gene markers LINC00507, ADAMTS3, LY86-AS1 with a NS-Forest FBeta value of 0.5509868421052632s.	NCBITaxon:9606
http://example.org/b89be3e2-8e24-5f56-b365-0ca4845b9cbe	owl:NamedIndividual	L4 IT_1	CLM:1001100	A L4 IT_1 in the Human Brain has the gene markers TPBG, RP11-197K6.1, ST8SIA4 with a NS-Forest FBeta value of 0.6129032258064517s.	NCBITaxon:9606
http://example.org/75d61169-6e4a-5397-93c0-bcad3cc06500	owl:NamedIndividual	L4 IT_1	CLM:1001100	A L4 IT_1 in the Human Brain has the gene markers TPBG, RP11-197K6.1, ST8SIA4 with a NS-Forest FBeta value of 0.6129032258064517s.	NCBITaxon:9606
http://example.org/852bf5b0-70c7-5de4-92a3-aeca178e0c90	owl:NamedIndividual	L4 IT_2	CLM:1001101	A L4 IT_2 in the Human Brain has the gene markers C6orf141, ST8SIA4 with a NS-Forest FBeta value of 0.7738095238095238s.	NCBITaxon:9606
http://example.org/013bca8c-94bc-5638-8fba-bbc94411b653	owl:NamedIndividual	L4 IT_2	CLM:1001101	A L4 IT_2 in the Human Brain has the gene markers C6orf141, ST8SIA4 with a NS-Forest FBeta value of 0.7738095238095238s.	NCBITaxon:9606
http://example.org/9a28d521-afa0-56a6-b670-be7d86609b76	owl:NamedIndividual	L4 IT_3	CLM:1001102	A L4 IT_3 in the Human Brain has the gene markers TMEM215, KCNH8, RORB with a NS-Forest FBeta value of 0.6151315789473684s.	NCBITaxon:9606
http://example.org/1800bc0a-0e49-5071-9e8e-78f40a1c652b	owl:NamedIndividual	L4 IT_3	CLM:1001102	A L4 IT_3 in the Human Brain has the gene markers TMEM215, KCNH8, RORB with a NS-Forest FBeta value of 0.6151315789473684s.	NCBITaxon:9606
http://example.org/3ba3aa5e-ea84-51fe-a9f4-7909c0d4aad7	owl:NamedIndividual	L4 IT_4	CLM:1001103	A L4 IT_4 in the Human Brain has the gene markers STAC, KCNH8, SYT2 with a NS-Forest FBeta value of 0.6526243093922651s.	NCBITaxon:9606
http://example.org/1fa83ce7-1ec2-580f-9ce0-3fbcfd41bbf0	owl:NamedIndividual	L4 IT_4	CLM:1001103	A L4 IT_4 in the Human Brain has the gene markers STAC, KCNH8, SYT2 with a NS-Forest FBeta value of 0.6526243093922651s.	NCBITaxon:9606
http://example.org/5e6635dc-e122-5e03-b1f4-5d7d7ba986df	owl:NamedIndividual	L4 IT_5	CLM:1001104	A L4 IT_5 in the Human Brain has the gene markers COL22A1, CMAHP with a NS-Forest FBeta value of 0.6576797385620915s.	NCBITaxon:9606
http://example.org/303c6892-88aa-5f88-9360-1f3764b73e4a	owl:NamedIndividual	L4 IT_5	CLM:1001104	A L4 IT_5 in the Human Brain has the gene markers COL22A1, CMAHP with a NS-Forest FBeta value of 0.6576797385620915s.	NCBITaxon:9606
http://example.org/fb2b7612-a242-51e3-a932-bf1ae7e35fb1	owl:NamedIndividual	L4 IT_6	CLM:1001105	A L4 IT_6 in the Human Brain has the gene markers PLEKHH2, CLMN, ST8SIA4 with a NS-Forest FBeta value of 0.6703910614525139s.	NCBITaxon:9606
http://example.org/296ebb61-658c-574d-8c6b-8d973bb09401	owl:NamedIndividual	L4 IT_6	CLM:1001105	A L4 IT_6 in the Human Brain has the gene markers PLEKHH2, CLMN, ST8SIA4 with a NS-Forest FBeta value of 0.6703910614525139s.	NCBITaxon:9606
http://example.org/6b43f98e-8399-55b8-bdeb-d720df31fdd7	owl:NamedIndividual	L5 ET_1	CLM:1001106	A L5 ET_1 in the Human Brain has the gene markers LINC00922, POU3F1 with a NS-Forest FBeta value of 0.728891820580475s.	NCBITaxon:9606
http://example.org/b1e6ca2a-d834-5899-b673-c22cd05953d5	owl:NamedIndividual	L5 ET_1	CLM:1001106	A L5 ET_1 in the Human Brain has the gene markers LINC00922, POU3F1 with a NS-Forest FBeta value of 0.728891820580475s.	NCBITaxon:9606
http://example.org/fc6aa65a-c788-5452-849b-973fc2821a29	owl:NamedIndividual	L5 ET_2	CLM:1001107	A L5 ET_2 in the Human Brain has the gene markers ATP6V1C2, LRP2, ST8SIA2 with a NS-Forest FBeta value of 0.7593749999999999s.	NCBITaxon:9606
http://example.org/864f1d2c-d0a4-54c4-b582-429ab072f250	owl:NamedIndividual	L5 ET_2	CLM:1001107	A L5 ET_2 in the Human Brain has the gene markers ATP6V1C2, LRP2, ST8SIA2 with a NS-Forest FBeta value of 0.7593749999999999s.	NCBITaxon:9606
http://example.org/8b450dd8-cead-58b4-ba96-8ae2466b9d3a	owl:NamedIndividual	L5 ET_3	CLM:1001108	A L5 ET_3 in the Human Brain has the gene markers ONECUT1, TTC6, SEMA3D, FAM189A2 with a NS-Forest FBeta value of 0.8891454965357967s.	NCBITaxon:9606
http://example.org/395a60fc-8eb6-59fd-8e7f-2b2aa2ee1f19	owl:NamedIndividual	L5 ET_3	CLM:1001108	A L5 ET_3 in the Human Brain has the gene markers ONECUT1, TTC6, SEMA3D, FAM189A2 with a NS-Forest FBeta value of 0.8891454965357967s.	NCBITaxon:9606
http://example.org/49159815-25ad-57ec-99db-2ed6ed08c7dc	owl:NamedIndividual	L5 ET_4	CLM:1001109	A L5 ET_4 in the Human Brain has the gene markers EHF, FGF11 with a NS-Forest FBeta value of 0.7297605473204105s.	NCBITaxon:9606
http://example.org/bc609f94-b606-5960-827b-9459c5b6e6b8	owl:NamedIndividual	L5 IT_1	CLM:1001110	A L5 IT_1 in the Human Brain has the gene markers CHST2, TLL1, RORB with a NS-Forest FBeta value of 0.6250000000000001s.	NCBITaxon:9606
http://example.org/25b79a5e-899a-57e1-94b6-885515a3ebfc	owl:NamedIndividual	L5 IT_1	CLM:1001110	A L5 IT_1 in the Human Brain has the gene markers CHST2, TLL1, RORB with a NS-Forest FBeta value of 0.6250000000000001s.	NCBITaxon:9606
http://example.org/dd13ce9f-9057-5126-9f73-dbe6290d6061	owl:NamedIndividual	L5 IT_2	CLM:1001111	A L5 IT_2 in the Human Brain has the gene markers NPY2R, PCED1B, TLL1, RORB with a NS-Forest FBeta value of 0.5685240963855422s.	NCBITaxon:9606
http://example.org/11814b28-93a8-5db9-9002-ca420c5fdfdf	owl:NamedIndividual	L5 IT_2	CLM:1001111	A L5 IT_2 in the Human Brain has the gene markers NPY2R, PCED1B, TLL1, RORB with a NS-Forest FBeta value of 0.5685240963855422s.	NCBITaxon:9606
http://example.org/6dcf455c-31bd-58cd-9bff-d62b1871cd3a	owl:NamedIndividual	L5 IT_3	CLM:1001112	A L5 IT_3 in the Human Brain has the gene markers RPRM, HPCA, RORB with a NS-Forest FBeta value of 0.49479166666666663s.	NCBITaxon:9606
http://example.org/4b664b3d-ac50-5edd-911d-04a84cdf4e32	owl:NamedIndividual	L5 IT_3	CLM:1001112	A L5 IT_3 in the Human Brain has the gene markers RPRM, HPCA, RORB with a NS-Forest FBeta value of 0.49479166666666663s.	NCBITaxon:9606
http://example.org/f4619e6f-b495-5aeb-93d9-1e724575db7b	owl:NamedIndividual	L5 IT_4	CLM:1001113	A L5 IT_4 in the Human Brain has the gene markers C22orf34, LDLRAD3, RORB, KCNK2 with a NS-Forest FBeta value of 0.44211195928753183s.	NCBITaxon:9606
http://example.org/8f965f2a-b73f-5ebb-a3a0-5b56d2127ba9	owl:NamedIndividual	L5 IT_4	CLM:1001113	A L5 IT_4 in the Human Brain has the gene markers C22orf34, LDLRAD3, RORB, KCNK2 with a NS-Forest FBeta value of 0.44211195928753183s.	NCBITaxon:9606
http://example.org/118e4f6e-7378-5fc7-8703-43ff8b84c11c	owl:NamedIndividual	L5 IT_5	CLM:1001114	A L5 IT_5 in the Human Brain has the gene markers NPNT, CA10, RORB, KCNK2 with a NS-Forest FBeta value of 0.5813953488372092s.	NCBITaxon:9606
http://example.org/20b00f70-7a34-510a-9f91-2632f77e429b	owl:NamedIndividual	L5 IT_5	CLM:1001114	A L5 IT_5 in the Human Brain has the gene markers NPNT, CA10, RORB, KCNK2 with a NS-Forest FBeta value of 0.5813953488372092s.	NCBITaxon:9606
http://example.org/90cccea2-6614-5179-bca7-a81a39edba61	owl:NamedIndividual	L5 IT_6	CLM:1001115	A L5 IT_6 in the Human Brain has the gene markers NPFFR2, SULF2, RORB with a NS-Forest FBeta value of 0.6619822485207101s.	NCBITaxon:9606
http://example.org/5ce650bd-4b06-5078-af77-d194161a51d5	owl:NamedIndividual	L5 IT_6	CLM:1001115	A L5 IT_6 in the Human Brain has the gene markers NPFFR2, SULF2, RORB with a NS-Forest FBeta value of 0.6619822485207101s.	NCBITaxon:9606
http://example.org/532fc6b2-507e-5854-b8cc-ced9a8d75238	owl:NamedIndividual	L5/6 NP_1	CLM:1001116	A L5/6 NP_1 in the Human Brain has the gene markers BARX2, CD36, NPSR1-AS1 with a NS-Forest FBeta value of 0.49025974025974034s.	NCBITaxon:9606
http://example.org/e24a2817-5270-5878-9aa8-f0b6beef8447	owl:NamedIndividual	L5/6 NP_1	CLM:1001116	A L5/6 NP_1 in the Human Brain has the gene markers BARX2, CD36, NPSR1-AS1 with a NS-Forest FBeta value of 0.49025974025974034s.	NCBITaxon:9606
http://example.org/6c174d26-750e-5bf2-b48a-7d93f356b254	owl:NamedIndividual	L5/6 NP_2	CLM:1001117	A L5/6 NP_2 in the Human Brain has the gene markers SLC17A6, CRYM with a NS-Forest FBeta value of 0.4607508532423208s.	NCBITaxon:9606
http://example.org/71d904fd-f2d3-5066-bb13-a99fd02ce07e	owl:NamedIndividual	L5/6 NP_2	CLM:1001117	A L5/6 NP_2 in the Human Brain has the gene markers SLC17A6, CRYM with a NS-Forest FBeta value of 0.4607508532423208s.	NCBITaxon:9606
http://example.org/d443974f-1ebd-5c14-8ec6-7a0c3f50f3b2	owl:NamedIndividual	L5/6 NP_3	CLM:1001118	A L5/6 NP_3 in the Human Brain has the gene markers NPSR1-AS1, PLPP3, KIT with a NS-Forest FBeta value of 0.5273892773892773s.	NCBITaxon:9606
http://example.org/dc59eae8-c453-5aea-bef9-68f7ed66d8c6	owl:NamedIndividual	L5/6 NP_3	CLM:1001118	A L5/6 NP_3 in the Human Brain has the gene markers NPSR1-AS1, PLPP3, KIT with a NS-Forest FBeta value of 0.5273892773892773s.	NCBITaxon:9606
http://example.org/87f3616a-6eaf-566a-9416-8df02a938582	owl:NamedIndividual	L5/6 NP_4	CLM:1001119	A L5/6 NP_4 in the Human Brain has the gene markers FSHR, CLMN, TLL1 with a NS-Forest FBeta value of 0.740632318501171s.	NCBITaxon:9606
http://example.org/3d64eb99-dfa9-598f-9a97-ccee6a2b8f10	owl:NamedIndividual	L5/6 NP_4	CLM:1001119	A L5/6 NP_4 in the Human Brain has the gene markers FSHR, CLMN, TLL1 with a NS-Forest FBeta value of 0.740632318501171s.	NCBITaxon:9606
http://example.org/0e09fa65-9846-5a95-b9d5-6e8052ee4df1	owl:NamedIndividual	L5/6 NP_5	CLM:1001120	A L5/6 NP_5 in the Human Brain has the gene markers COL9A1, NPSR1, TLL1 with a NS-Forest FBeta value of 0.5373831775700935s.	NCBITaxon:9606
http://example.org/65fcc9e2-6b89-5c4b-b320-acd53356937d	owl:NamedIndividual	L5/6 NP_5	CLM:1001120	A L5/6 NP_5 in the Human Brain has the gene markers COL9A1, NPSR1, TLL1 with a NS-Forest FBeta value of 0.5373831775700935s.	NCBITaxon:9606
http://example.org/a0401fb6-eba5-5d4f-a22a-7191180df638	owl:NamedIndividual	L5/6 NP_6	CLM:1001121	A L5/6 NP_6 in the Human Brain has the gene markers NPSR1-AS1, ARHGAP42 with a NS-Forest FBeta value of 0.7685614849187936s.	NCBITaxon:9606
http://example.org/59caff3f-4d4c-548d-956e-64862776ab8d	owl:NamedIndividual	L6 CT_1	CLM:1001122	A L6 CT_1 in the Human Brain has the gene markers LGR6, OR1Q1, SULF1 with a NS-Forest FBeta value of 0.665374677002584s.	NCBITaxon:9606
http://example.org/c65f8ed6-9991-5fcc-b13e-6ed05809b482	owl:NamedIndividual	L6 CT_1	CLM:1001122	A L6 CT_1 in the Human Brain has the gene markers LGR6, OR1Q1, SULF1 with a NS-Forest FBeta value of 0.665374677002584s.	NCBITaxon:9606
http://example.org/0eb61f5e-9fd4-5033-bea0-0ff0105f7462	owl:NamedIndividual	L6 CT_2	CLM:1001123	A L6 CT_2 in the Human Brain has the gene markers SYT6, ITGA11, SEMA5B with a NS-Forest FBeta value of 0.791868932038835s.	NCBITaxon:9606
http://example.org/fa2356b6-e279-54ef-840b-9ab62a3b9793	owl:NamedIndividual	L6 CT_2	CLM:1001123	A L6 CT_2 in the Human Brain has the gene markers SYT6, ITGA11, SEMA5B with a NS-Forest FBeta value of 0.791868932038835s.	NCBITaxon:9606
http://example.org/5bcc50dd-a204-5efc-afd6-6eac2c7fac01	owl:NamedIndividual	L6 CT_3	CLM:1001124	A L6 CT_3 in the Human Brain has the gene markers SULF1, MEIS2, ADAMTSL1, KCNH5 with a NS-Forest FBeta value of 0.632267441860465s.	NCBITaxon:9606
http://example.org/df391a0c-4270-583f-bcf0-944afbf52db6	owl:NamedIndividual	L6 CT_3	CLM:1001124	A L6 CT_3 in the Human Brain has the gene markers SULF1, MEIS2, ADAMTSL1, KCNH5 with a NS-Forest FBeta value of 0.632267441860465s.	NCBITaxon:9606
http://example.org/0245cc6b-0034-5acf-bf46-ed8dbe21730c	owl:NamedIndividual	L6 IT Car3_1	CLM:1001125	A L6 IT Car3_1 in the Human Brain has the gene markers LINC00348 with a NS-Forest FBeta value of 0.665s.	NCBITaxon:9606
http://example.org/d0a71210-7b78-57df-a330-58b206a17eb1	owl:NamedIndividual	L6 IT Car3_1	CLM:1001125	A L6 IT Car3_1 in the Human Brain has the gene markers LINC00348 with a NS-Forest FBeta value of 0.665s.	NCBITaxon:9606
http://example.org/e38bc3d0-438b-593e-aa63-8c8f83a5e13f	owl:NamedIndividual	L6 IT Car3_2	CLM:1001126	A L6 IT Car3_2 in the Human Brain has the gene markers SMYD1, ITGB8 with a NS-Forest FBeta value of 0.6594036697247707s.	NCBITaxon:9606
http://example.org/0b4ea8e2-87de-526c-8904-5f9546b79e24	owl:NamedIndividual	L6 IT Car3_2	CLM:1001126	A L6 IT Car3_2 in the Human Brain has the gene markers SMYD1, ITGB8 with a NS-Forest FBeta value of 0.6594036697247707s.	NCBITaxon:9606
http://example.org/9eca2b80-781f-567d-b31b-a1b9caed628b	owl:NamedIndividual	L6 IT_1	CLM:1001127	A L6 IT_1 in the Human Brain has the gene markers THEMIS, HOPX, MKX with a NS-Forest FBeta value of 0.6710122699386504s.	NCBITaxon:9606
http://example.org/f5aa7213-1655-57ae-b2d3-2e47cdd699e7	owl:NamedIndividual	L6 IT_1	CLM:1001127	A L6 IT_1 in the Human Brain has the gene markers THEMIS, HOPX, MKX with a NS-Forest FBeta value of 0.6710122699386504s.	NCBITaxon:9606
http://example.org/70e6b62a-8054-5390-9cc4-715eaa311a76	owl:NamedIndividual	L6 IT_2	CLM:1001128	A L6 IT_2 in the Human Brain has the gene markers LINC00343, ADAMTS3, PXDN with a NS-Forest FBeta value of 0.5810546875s.	NCBITaxon:9606
http://example.org/309a5ea0-06d4-57ad-830f-9d31c64de81c	owl:NamedIndividual	L6 IT_2	CLM:1001128	A L6 IT_2 in the Human Brain has the gene markers LINC00343, ADAMTS3, PXDN with a NS-Forest FBeta value of 0.5810546875s.	NCBITaxon:9606
http://example.org/1bcefc63-aa07-5cca-8d81-7573fe9782bd	owl:NamedIndividual	L6b_1	CLM:1001129	A L6b_1 in the Human Brain has the gene markers SEMA3D, ITGA11, FAM160A1 with a NS-Forest FBeta value of 0.5724637681159421s.	NCBITaxon:9606
http://example.org/b9fd4abd-a099-55fa-9f9c-0f49a7981760	owl:NamedIndividual	L6b_1	CLM:1001129	A L6b_1 in the Human Brain has the gene markers SEMA3D, ITGA11, FAM160A1 with a NS-Forest FBeta value of 0.5724637681159421s.	NCBITaxon:9606
http://example.org/924aa72f-5ace-5565-b1b8-393486b8ff10	owl:NamedIndividual	L6b_2	CLM:1001130	A L6b_2 in the Human Brain has the gene markers NPFFR2, ROS1 with a NS-Forest FBeta value of 0.565711462450593s.	NCBITaxon:9606
http://example.org/ab77d720-83e9-5b1a-a0b8-da19409a60f9	owl:NamedIndividual	L6b_2	CLM:1001130	A L6b_2 in the Human Brain has the gene markers NPFFR2, ROS1 with a NS-Forest FBeta value of 0.565711462450593s.	NCBITaxon:9606
http://example.org/441356e1-ec1c-5cfe-a1ec-67295dde7c7c	owl:NamedIndividual	L6b_3	CLM:1001131	A L6b_3 in the Human Brain has the gene markers SLC15A5, ATP10A with a NS-Forest FBeta value of 0.6928969359331476s.	NCBITaxon:9606
http://example.org/448d068f-c29d-5f30-ae31-75625d73a9aa	owl:NamedIndividual	L6b_3	CLM:1001131	A L6b_3 in the Human Brain has the gene markers SLC15A5, ATP10A with a NS-Forest FBeta value of 0.6928969359331476s.	NCBITaxon:9606
http://example.org/21ca11b6-0a8d-5d1f-b9a3-6601f36ad139	owl:NamedIndividual	L6b_4	CLM:1001132	A L6b_4 in the Human Brain has the gene markers NR4A2, ATP8B4 with a NS-Forest FBeta value of 0.5812101910828025s.	NCBITaxon:9606
http://example.org/caf7aad2-b748-53c9-b45c-eec3977cfc01	owl:NamedIndividual	L6b_4	CLM:1001132	A L6b_4 in the Human Brain has the gene markers NR4A2, ATP8B4 with a NS-Forest FBeta value of 0.5812101910828025s.	NCBITaxon:9606
http://example.org/e223a1c4-1b0f-5d64-a3d3-4df361a8ffa7	owl:NamedIndividual	L6b_5	CLM:1001133	A L6b_5 in the Human Brain has the gene markers NXPH4, NR4A2, SEMA3E with a NS-Forest FBeta value of 0.5693519079345852s.	NCBITaxon:9606
http://example.org/b1bc226c-032a-54ea-adee-7d7693ea705e	owl:NamedIndividual	L6b_5	CLM:1001133	A L6b_5 in the Human Brain has the gene markers NXPH4, NR4A2, SEMA3E with a NS-Forest FBeta value of 0.5693519079345852s.	NCBITaxon:9606
http://example.org/87cc1b82-7ec4-5a9d-98b9-203eededbd63	owl:NamedIndividual	L6b_6	CLM:1001134	A L6b_6 in the Human Brain has the gene markers PCOLCE2, FAM160A1, SULF1 with a NS-Forest FBeta value of 0.570388349514563s.	NCBITaxon:9606
http://example.org/889d386a-f955-5d07-a815-783e726f9b89	owl:NamedIndividual	L6b_6	CLM:1001134	A L6b_6 in the Human Brain has the gene markers PCOLCE2, FAM160A1, SULF1 with a NS-Forest FBeta value of 0.570388349514563s.	NCBITaxon:9606
http://example.org/b6cbb644-17cb-58e8-bb59-1c07444ee029	owl:NamedIndividual	Lamp5 Lhx6_1	CLM:1001135	A Lamp5 Lhx6_1 in the Human Brain has the gene markers CHST9, LAMP5 with a NS-Forest FBeta value of 0.8216783216783217s.	NCBITaxon:9606
http://example.org/975fa71a-d17d-5fc1-9753-278aa64dc4b8	owl:NamedIndividual	Lamp5_1	CLM:1001136	A Lamp5_1 in the Human Brain has the gene markers ADAMTS20, KIT, FREM1 with a NS-Forest FBeta value of 0.48856548856548865s.	NCBITaxon:9606
http://example.org/5b0db653-a972-52d2-b2f8-a7bbee742799	owl:NamedIndividual	Lamp5_1	CLM:1001136	A Lamp5_1 in the Human Brain has the gene markers ADAMTS20, KIT, FREM1 with a NS-Forest FBeta value of 0.48856548856548865s.	NCBITaxon:9606
http://example.org/08bc9830-9e0a-5dc3-a051-d473ad150724	owl:NamedIndividual	Lamp5_2	CLM:1001137	A Lamp5_2 in the Human Brain has the gene markers PBX3, KIT with a NS-Forest FBeta value of 0.7316272965879266s.	NCBITaxon:9606
http://example.org/bbb9c322-4893-53ee-9871-27093732e30b	owl:NamedIndividual	Lamp5_2	CLM:1001137	A Lamp5_2 in the Human Brain has the gene markers PBX3, KIT with a NS-Forest FBeta value of 0.7316272965879266s.	NCBITaxon:9606
http://example.org/fe10caee-1f72-5d67-a625-225076d029bb	owl:NamedIndividual	Lamp5_3	CLM:1001138	A Lamp5_3 in the Human Brain has the gene markers CA2, CPLX3, LAMP5 with a NS-Forest FBeta value of 0.6311576354679802s.	NCBITaxon:9606
http://example.org/2eb90252-5a26-51ee-a031-a537f9a4bb5a	owl:NamedIndividual	Lamp5_3	CLM:1001138	A Lamp5_3 in the Human Brain has the gene markers CA2, CPLX3, LAMP5 with a NS-Forest FBeta value of 0.6311576354679802s.	NCBITaxon:9606
http://example.org/f4e3af37-4b86-588d-8580-20ab70350b57	owl:NamedIndividual	Lamp5_4	CLM:1001139	A Lamp5_4 in the Human Brain has the gene markers ROR2, TRPC3, FBXL7, LINC00298 with a NS-Forest FBeta value of 0.40425531914893614s.	NCBITaxon:9606
http://example.org/de0baa56-5512-5033-9a4e-998671328697	owl:NamedIndividual	Lamp5_4	CLM:1001139	A Lamp5_4 in the Human Brain has the gene markers ROR2, TRPC3, FBXL7, LINC00298 with a NS-Forest FBeta value of 0.40425531914893614s.	NCBITaxon:9606
http://example.org/41a442a2-1c76-5e11-89eb-4732842dbc08	owl:NamedIndividual	Lamp5_5	CLM:1001140	A Lamp5_5 in the Human Brain has the gene markers NDNF, NPNT, LAMP5 with a NS-Forest FBeta value of 0.6249999999999999s.	NCBITaxon:9606
http://example.org/2824d66a-9f1e-5f44-b040-b0a50191bd0b	owl:NamedIndividual	Lamp5_5	CLM:1001140	A Lamp5_5 in the Human Brain has the gene markers NDNF, NPNT, LAMP5 with a NS-Forest FBeta value of 0.6249999999999999s.	NCBITaxon:9606
http://example.org/3eb9ceff-aba9-56ab-8ca9-65ac7268bc36	owl:NamedIndividual	Lamp5_6	CLM:1001141	A Lamp5_6 in the Human Brain has the gene markers NDNF, KIT, TRPC3 with a NS-Forest FBeta value of 0.6357493857493858s.	NCBITaxon:9606
http://example.org/57814aa7-ba76-5385-80ed-06a91dc142db	owl:NamedIndividual	Lamp5_6	CLM:1001141	A Lamp5_6 in the Human Brain has the gene markers NDNF, KIT, TRPC3 with a NS-Forest FBeta value of 0.6357493857493858s.	NCBITaxon:9606
http://example.org/8f871e7a-db10-53b4-8f87-f257bf972cec	owl:NamedIndividual	Lamp5_7	CLM:1001142	A Lamp5_7 in the Human Brain has the gene markers MYH11, MT-ND4L, KIT with a NS-Forest FBeta value of 0.42241379310344834s.	NCBITaxon:9606
http://example.org/22d84708-e779-5343-8e87-cc277cc3388d	owl:NamedIndividual	Oligo_1	CLM:1001145	A Oligo_1 in the Human Brain has the gene markers CERCAM, DOCK5 with a NS-Forest FBeta value of 0.24613623354321695s.	NCBITaxon:9606
http://example.org/8c0dd46d-e667-5962-919a-cc304e2b20a0	owl:NamedIndividual	Oligo_1	CLM:1001145	A Oligo_1 in the Human Brain has the gene markers CERCAM, DOCK5 with a NS-Forest FBeta value of 0.24613623354321695s.	NCBITaxon:9606
http://example.org/5c0e921e-5977-5ca1-98e6-9c1df09cc2d2	owl:NamedIndividual	Oligo_2	CLM:1001146	A Oligo_2 in the Human Brain has the gene markers MBOAT1, PLP1 with a NS-Forest FBeta value of 0.8189655172413793s.	NCBITaxon:9606
http://example.org/3566a2aa-18eb-584f-8b5f-db7cb35f006e	owl:NamedIndividual	Oligo_2	CLM:1001146	A Oligo_2 in the Human Brain has the gene markers MBOAT1, PLP1 with a NS-Forest FBeta value of 0.8189655172413793s.	NCBITaxon:9606
http://example.org/febe7cb8-6115-592d-b2ee-aa2c8bfcc5dc	owl:NamedIndividual	Oligo_3	CLM:1001147	A Oligo_3 in the Human Brain has the gene markers OPALIN, LINC01170 with a NS-Forest FBeta value of 0.713610586011342s.	NCBITaxon:9606
http://example.org/780dcde0-335f-59e0-8104-af9be12a4ab6	owl:NamedIndividual	Oligo_3	CLM:1001147	A Oligo_3 in the Human Brain has the gene markers OPALIN, LINC01170 with a NS-Forest FBeta value of 0.713610586011342s.	NCBITaxon:9606
http://example.org/c7f22ea0-0644-5a0d-b13d-238be4ea0858	owl:NamedIndividual	Oligo_4	CLM:1001148	A Oligo_4 in the Human Brain has the gene markers OPALIN, TRIM59, CERCAM with a NS-Forest FBeta value of 0.5434782608695652s.	NCBITaxon:9606
http://example.org/5bd9bd05-6bcf-5b18-a72d-edbc4e8608d2	owl:NamedIndividual	Oligo_4	CLM:1001148	A Oligo_4 in the Human Brain has the gene markers OPALIN, TRIM59, CERCAM with a NS-Forest FBeta value of 0.5434782608695652s.	NCBITaxon:9606
http://example.org/8246e8bf-019e-593b-8988-faee4f9d6a66	owl:NamedIndividual	Pax6_1	CLM:1001149	A Pax6_1 in the Human Brain has the gene markers IGFBP7, EPS8, HCRTR2 with a NS-Forest FBeta value of 0.767426273458445s.	NCBITaxon:9606
http://example.org/e3e346f1-ea9d-598d-b3d8-e6cd221d772a	owl:NamedIndividual	Pax6_1	CLM:1001149	A Pax6_1 in the Human Brain has the gene markers IGFBP7, EPS8, HCRTR2 with a NS-Forest FBeta value of 0.767426273458445s.	NCBITaxon:9606
http://example.org/7cb09d6e-019d-5eea-bee7-d9f71336fd59	owl:NamedIndividual	Pax6_2	CLM:1001150	A Pax6_2 in the Human Brain has the gene markers TGFBR2, BCHE, RELN with a NS-Forest FBeta value of 0.7676056338028169s.	NCBITaxon:9606
http://example.org/0a295b69-49ff-5b42-bcc8-2f214b45dff3	owl:NamedIndividual	Pax6_2	CLM:1001150	A Pax6_2 in the Human Brain has the gene markers TGFBR2, BCHE, RELN with a NS-Forest FBeta value of 0.7676056338028169s.	NCBITaxon:9606
http://example.org/98bbf553-8536-5984-be4c-ee14b1f62b87	owl:NamedIndividual	Pax6_3	CLM:1001151	A Pax6_3 in the Human Brain has the gene markers PBX3, PDLIM5, FBN2 with a NS-Forest FBeta value of 0.7090163934426228s.	NCBITaxon:9606
http://example.org/ed42b487-4059-554f-87f8-4487017d3896	owl:NamedIndividual	Pax6_3	CLM:1001151	A Pax6_3 in the Human Brain has the gene markers PBX3, PDLIM5, FBN2 with a NS-Forest FBeta value of 0.7090163934426228s.	NCBITaxon:9606
http://example.org/b9892cc5-6da9-58ed-9369-e07be078dbbb	owl:NamedIndividual	Pax6_4	CLM:1001152	A Pax6_4 in the Human Brain has the gene markers PALMD, RELN with a NS-Forest FBeta value of 0.8731422505307855s.	NCBITaxon:9606
http://example.org/8d277d2e-c58d-500c-9cfb-e4f109aaafe5	owl:NamedIndividual	Pax6_4	CLM:1001152	A Pax6_4 in the Human Brain has the gene markers PALMD, RELN with a NS-Forest FBeta value of 0.8731422505307855s.	NCBITaxon:9606
http://example.org/b46bcd29-eafe-5377-b7ec-69c701664862	owl:NamedIndividual	Pvalb_1	CLM:1001153	A Pvalb_1 in the Human Brain has the gene markers MYBPC1, GPR149, SVIL with a NS-Forest FBeta value of 0.6944444444444444s.	NCBITaxon:9606
http://example.org/185efaf1-b976-5d3e-824d-d9ef64d31db0	owl:NamedIndividual	Pvalb_1	CLM:1001153	A Pvalb_1 in the Human Brain has the gene markers MYBPC1, GPR149, SVIL with a NS-Forest FBeta value of 0.6944444444444444s.	NCBITaxon:9606
http://example.org/42a5064f-aa11-5d12-a95d-4f62e8b70e38	owl:NamedIndividual	Pvalb_2	CLM:1001154	A Pvalb_2 in the Human Brain has the gene markers BCHE, SEMA3C, GPC5 with a NS-Forest FBeta value of 0.7717391304347827s.	NCBITaxon:9606
http://example.org/897959f7-3a0c-5181-918f-ee4873b477d8	owl:NamedIndividual	Pvalb_2	CLM:1001154	A Pvalb_2 in the Human Brain has the gene markers BCHE, SEMA3C, GPC5 with a NS-Forest FBeta value of 0.7717391304347827s.	NCBITaxon:9606
http://example.org/c1be7f2d-212a-5246-92c3-8e7994ef3003	owl:NamedIndividual	Pvalb_3	CLM:1001155	A Pvalb_3 in the Human Brain has the gene markers TAFA4, SYT10, ANOS1, HTR4 with a NS-Forest FBeta value of 0.635593220338983s.	NCBITaxon:9606
http://example.org/04ab6149-7282-579f-a082-698ef7abb485	owl:NamedIndividual	Pvalb_3	CLM:1001155	A Pvalb_3 in the Human Brain has the gene markers TAFA4, SYT10, ANOS1, HTR4 with a NS-Forest FBeta value of 0.635593220338983s.	NCBITaxon:9606
http://example.org/c3480f1a-6e04-5e59-89f9-1ee48be77034	owl:NamedIndividual	Pvalb_4	CLM:1001156	A Pvalb_4 in the Human Brain has the gene markers MT-ND4L, RGS5_ENSG00000143248, WIF1, TAC1 with a NS-Forest FBeta value of 0.4390934844192635s.	NCBITaxon:9606
http://example.org/d429af9e-ed74-5440-9e7c-c8bb856082ee	owl:NamedIndividual	Pvalb_4	CLM:1001156	A Pvalb_4 in the Human Brain has the gene markers MT-ND4L, RGS5_ENSG00000143248, WIF1, TAC1 with a NS-Forest FBeta value of 0.4390934844192635s.	NCBITaxon:9606
http://example.org/9226d389-5899-5a14-a8fa-8f62bf664e3e	owl:NamedIndividual	Pvalb_5	CLM:1001157	A Pvalb_5 in the Human Brain has the gene markers SNTB1, COBLL1, GPR149, TAC1 with a NS-Forest FBeta value of 0.6364329268292682s.	NCBITaxon:9606
http://example.org/cd42f121-63a4-54c6-a874-88b267ef873c	owl:NamedIndividual	Pvalb_5	CLM:1001157	A Pvalb_5 in the Human Brain has the gene markers SNTB1, COBLL1, GPR149, TAC1 with a NS-Forest FBeta value of 0.6364329268292682s.	NCBITaxon:9606
http://example.org/d2303cb2-2009-5767-a4d6-816fc5ac0be5	owl:NamedIndividual	Pvalb_6	CLM:1001158	A Pvalb_6 in the Human Brain has the gene markers POSTN, SULF1, CEMIP, RNF144B with a NS-Forest FBeta value of 0.29255319148936176s.	NCBITaxon:9606
http://example.org/16a30d55-141a-56b0-9919-aa6a1bbc24bb	owl:NamedIndividual	Pvalb_6	CLM:1001158	A Pvalb_6 in the Human Brain has the gene markers POSTN, SULF1, CEMIP, RNF144B with a NS-Forest FBeta value of 0.29255319148936176s.	NCBITaxon:9606
http://example.org/feb7b953-4de0-59a5-903c-e7bf6e0a3577	owl:NamedIndividual	Pvalb_7	CLM:1001159	A Pvalb_7 in the Human Brain has the gene markers SULF1, ZNF385D-AS2 with a NS-Forest FBeta value of 0.5650087260034904s.	NCBITaxon:9606
http://example.org/2f71c672-dd2e-54a3-9cda-c3e8dcb9046c	owl:NamedIndividual	Pvalb_7	CLM:1001159	A Pvalb_7 in the Human Brain has the gene markers SULF1, ZNF385D-AS2 with a NS-Forest FBeta value of 0.5650087260034904s.	NCBITaxon:9606
http://example.org/868849a6-fdd7-5d12-b418-ab6fbac00182	owl:NamedIndividual	Pvalb_8	CLM:1001160	A Pvalb_8 in the Human Brain has the gene markers CA8, FGFR2, TAC1 with a NS-Forest FBeta value of 0.5676733780760627s.	NCBITaxon:9606
http://example.org/3f10f5b4-0c4e-5d1a-a5e2-372ac7d13e63	owl:NamedIndividual	Pvalb_8	CLM:1001160	A Pvalb_8 in the Human Brain has the gene markers CA8, FGFR2, TAC1 with a NS-Forest FBeta value of 0.5676733780760627s.	NCBITaxon:9606
http://example.org/9a7cc455-7278-5569-a1a2-cd3a7c6d0016	owl:NamedIndividual	Pvalb_9	CLM:1001161	A Pvalb_9 in the Human Brain has the gene markers PVALB, POSTN with a NS-Forest FBeta value of 0.5845323741007195s.	NCBITaxon:9606
http://example.org/8273be13-f220-5f5c-bfa4-1760b66133f6	owl:NamedIndividual	Pvalb_9	CLM:1001161	A Pvalb_9 in the Human Brain has the gene markers PVALB, POSTN with a NS-Forest FBeta value of 0.5845323741007195s.	NCBITaxon:9606
http://example.org/ca3ef774-ad2e-5a80-be05-c11eb1a3ea07	owl:NamedIndividual	Sncg_1	CLM:1001162	A Sncg_1 in the Human Brain has the gene markers UNC5B, TAFA4, THSD7B with a NS-Forest FBeta value of 0.5883947939262474s.	NCBITaxon:9606
http://example.org/06f9cbf6-8be3-5fd0-aeb5-884e72565a15	owl:NamedIndividual	Sncg_1	CLM:1001162	A Sncg_1 in the Human Brain has the gene markers UNC5B, TAFA4, THSD7B with a NS-Forest FBeta value of 0.5883947939262474s.	NCBITaxon:9606
http://example.org/4657b4ff-a181-57d5-bc0c-730dbdb0ae24	owl:NamedIndividual	Sncg_2	CLM:1001163	A Sncg_2 in the Human Brain has the gene markers FOXO1, CA10, PRELID2, THSD7B with a NS-Forest FBeta value of 0.7396788990825688s.	NCBITaxon:9606
http://example.org/844bd41e-812b-5378-b4d6-6ef6fe40c0d3	owl:NamedIndividual	Sncg_2	CLM:1001163	A Sncg_2 in the Human Brain has the gene markers FOXO1, CA10, PRELID2, THSD7B with a NS-Forest FBeta value of 0.7396788990825688s.	NCBITaxon:9606
http://example.org/6cecaa88-6816-57b1-b62c-0d3dd5ad66bd	owl:NamedIndividual	Sncg_3	CLM:1001164	A Sncg_3 in the Human Brain has the gene markers SEMA3C, MYO1B, VAV3 with a NS-Forest FBeta value of 0.4528985507246377s.	NCBITaxon:9606
http://example.org/e6a6aa88-bda1-5b17-9408-c3d250371609	owl:NamedIndividual	Sncg_3	CLM:1001164	A Sncg_3 in the Human Brain has the gene markers SEMA3C, MYO1B, VAV3 with a NS-Forest FBeta value of 0.4528985507246377s.	NCBITaxon:9606
http://example.org/6791b32b-6a9a-570f-8cf6-0d7cbfc303a4	owl:NamedIndividual	Sncg_4	CLM:1001165	A Sncg_4 in the Human Brain has the gene markers LINC01539, DCN, THSD7B with a NS-Forest FBeta value of 0.6752411575562701s.	NCBITaxon:9606
http://example.org/505fbaf3-71d6-5385-aa51-cb84473cb8ad	owl:NamedIndividual	Sncg_4	CLM:1001165	A Sncg_4 in the Human Brain has the gene markers LINC01539, DCN, THSD7B with a NS-Forest FBeta value of 0.6752411575562701s.	NCBITaxon:9606
http://example.org/93595eee-bb11-5458-b49e-22f9b2a26ef1	owl:NamedIndividual	Sncg_5	CLM:1001166	A Sncg_5 in the Human Brain has the gene markers COL5A2, TMEM47, MEGF11 with a NS-Forest FBeta value of 0.5214285714285715s.	NCBITaxon:9606
http://example.org/5c7c827b-8a88-5144-8298-fd71750cd50f	owl:NamedIndividual	Sncg_5	CLM:1001166	A Sncg_5 in the Human Brain has the gene markers COL5A2, TMEM47, MEGF11 with a NS-Forest FBeta value of 0.5214285714285715s.	NCBITaxon:9606
http://example.org/24c315dd-91f2-536f-95e1-1b1b728b1bb2	owl:NamedIndividual	Sncg_6	CLM:1001167	A Sncg_6 in the Human Brain has the gene markers THSD7B, ADAMTSL1, RELN with a NS-Forest FBeta value of 0.5738434163701067s.	NCBITaxon:9606
http://example.org/1060800b-a8cb-5821-b994-36336733cae7	owl:NamedIndividual	Sncg_6	CLM:1001167	A Sncg_6 in the Human Brain has the gene markers THSD7B, ADAMTSL1, RELN with a NS-Forest FBeta value of 0.5738434163701067s.	NCBITaxon:9606
http://example.org/dcb66de1-d33e-570b-879b-57717a6009d1	owl:NamedIndividual	Sncg_7	CLM:1001168	A Sncg_7 in the Human Brain has the gene markers HTR3A, SYT9, MCTP2 with a NS-Forest FBeta value of 0.7097791798107256s.	NCBITaxon:9606
http://example.org/b4dddbf5-b745-528d-a3f1-808858d75c7f	owl:NamedIndividual	Sncg_7	CLM:1001168	A Sncg_7 in the Human Brain has the gene markers HTR3A, SYT9, MCTP2 with a NS-Forest FBeta value of 0.7097791798107256s.	NCBITaxon:9606
http://example.org/85b7e478-4529-5648-8a50-7662177cfa41	owl:NamedIndividual	Sncg_8	CLM:1001169	A Sncg_8 in the Human Brain has the gene markers NDST4, HTR2C, PRELID2 with a NS-Forest FBeta value of 0.49476135040745045s.	NCBITaxon:9606
http://example.org/cd80d87a-244c-511f-a22c-b0cb76537e3e	owl:NamedIndividual	Sncg_8	CLM:1001169	A Sncg_8 in the Human Brain has the gene markers NDST4, HTR2C, PRELID2 with a NS-Forest FBeta value of 0.49476135040745045s.	NCBITaxon:9606
http://example.org/f4c18ae3-2790-5f09-9f80-f47c7db0e06d	owl:NamedIndividual	Sst Chodl_1	CLM:1001170	A Sst Chodl_1 in the Human Brain has the gene markers NPY with a NS-Forest FBeta value of 0.894026186579378s.	NCBITaxon:9606
http://example.org/4ef997bd-764c-5398-9c84-c7235047a4f7	owl:NamedIndividual	Sst_1	CLM:1001171	A Sst_1 in the Human Brain has the gene markers NDST4, ANGPT1, EPB41L4A with a NS-Forest FBeta value of 0.5104166666666666s.	NCBITaxon:9606
http://example.org/202d9151-96d8-571d-9d30-cb11ec2407ce	owl:NamedIndividual	Sst_1	CLM:1001171	A Sst_1 in the Human Brain has the gene markers NDST4, ANGPT1, EPB41L4A with a NS-Forest FBeta value of 0.5104166666666666s.	NCBITaxon:9606
http://example.org/6dad808a-fcf3-5bf4-8599-93351ea3ab66	owl:NamedIndividual	Sst_2	CLM:1001172	A Sst_2 in the Human Brain has the gene markers HPGD, RGS5_ENSG00000143248, SPON1 with a NS-Forest FBeta value of 0.5613577023498695s.	NCBITaxon:9606
http://example.org/d2e93984-5463-520a-9f60-dd5af389d746	owl:NamedIndividual	Sst_2	CLM:1001172	A Sst_2 in the Human Brain has the gene markers HPGD, RGS5_ENSG00000143248, SPON1 with a NS-Forest FBeta value of 0.5613577023498695s.	NCBITaxon:9606
http://example.org/6520b834-92d7-55aa-892b-6bdb28ce3a4e	owl:NamedIndividual	Sst_3	CLM:1001173	A Sst_3 in the Human Brain has the gene markers TCF7L1, FBXL7, CBLN2 with a NS-Forest FBeta value of 0.6936997319034853s.	NCBITaxon:9606
http://example.org/85fc0c94-39b3-564f-ae43-008a48f3b870	owl:NamedIndividual	Sst_3	CLM:1001173	A Sst_3 in the Human Brain has the gene markers TCF7L1, FBXL7, CBLN2 with a NS-Forest FBeta value of 0.6936997319034853s.	NCBITaxon:9606
http://example.org/5642be59-e304-57d7-986f-526d1280392a	owl:NamedIndividual	Sst_4	CLM:1001174	A Sst_4 in the Human Brain has the gene markers SCARA5, PIEZO2, CRYBG3, PLCH1 with a NS-Forest FBeta value of 0.5479002624671917s.	NCBITaxon:9606
http://example.org/35e5a788-9834-55de-b254-75f7464c6149	owl:NamedIndividual	Sst_4	CLM:1001174	A Sst_4 in the Human Brain has the gene markers SCARA5, PIEZO2, CRYBG3, PLCH1 with a NS-Forest FBeta value of 0.5479002624671917s.	NCBITaxon:9606
http://example.org/e07acbf2-4011-512f-953d-f23974a17cef	owl:NamedIndividual	Sst_5	CLM:1001175	A Sst_5 in the Human Brain has the gene markers SH3RF2, NPY, CALB1 with a NS-Forest FBeta value of 0.5248833592534992s.	NCBITaxon:9606
http://example.org/e4188468-9007-526c-b78f-834749707933	owl:NamedIndividual	Sst_5	CLM:1001175	A Sst_5 in the Human Brain has the gene markers SH3RF2, NPY, CALB1 with a NS-Forest FBeta value of 0.5248833592534992s.	NCBITaxon:9606
http://example.org/2345151c-05a6-510e-aff6-b4c94f935ad1	owl:NamedIndividual	Sst_6	CLM:1001176	A Sst_6 in the Human Brain has the gene markers DPP4, MAFB with a NS-Forest FBeta value of 0.38520801232665647s.	NCBITaxon:9606
http://example.org/b2bc7cc7-0bb7-5787-b777-73507ecc4d1e	owl:NamedIndividual	Sst_6	CLM:1001176	A Sst_6 in the Human Brain has the gene markers DPP4, MAFB with a NS-Forest FBeta value of 0.38520801232665647s.	NCBITaxon:9606
http://example.org/46a54cdc-c34f-5c18-93c7-8aa4ec900a08	owl:NamedIndividual	Sst_7	CLM:1001177	A Sst_7 in the Human Brain has the gene markers EPSTI1, PIEZO2, HPSE2, PLCH1 with a NS-Forest FBeta value of 0.4469696969696969s.	NCBITaxon:9606
http://example.org/e6363434-6e93-5d89-8bb3-852e6c93581f	owl:NamedIndividual	Sst_7	CLM:1001177	A Sst_7 in the Human Brain has the gene markers EPSTI1, PIEZO2, HPSE2, PLCH1 with a NS-Forest FBeta value of 0.4469696969696969s.	NCBITaxon:9606
http://example.org/9dc679f4-af20-5b79-b168-b501bba9aada	owl:NamedIndividual	Sst_8	CLM:1001178	A Sst_8 in the Human Brain has the gene markers STK32A, SYT9, RELN with a NS-Forest FBeta value of 0.5061619718309859s.	NCBITaxon:9606
http://example.org/8b343b2d-58d7-510e-b8f0-242f0b95dd1d	owl:NamedIndividual	Sst_8	CLM:1001178	A Sst_8 in the Human Brain has the gene markers STK32A, SYT9, RELN with a NS-Forest FBeta value of 0.5061619718309859s.	NCBITaxon:9606
http://example.org/047da42f-ec9e-51d3-a950-a77de0946fd3	owl:NamedIndividual	Sst_9	CLM:1001179	A Sst_9 in the Human Brain has the gene markers MYO10, ARHGAP6, FREM1 with a NS-Forest FBeta value of 0.3506097560975609s.	NCBITaxon:9606
http://example.org/636273dc-62e1-544c-8627-672c58fb8824	owl:NamedIndividual	Sst_9	CLM:1001179	A Sst_9 in the Human Brain has the gene markers MYO10, ARHGAP6, FREM1 with a NS-Forest FBeta value of 0.3506097560975609s.	NCBITaxon:9606
http://example.org/6b6867f0-1035-5e42-96e2-814dc660eff8	owl:NamedIndividual	Sst_10	CLM:1001180	A Sst_10 in the Human Brain has the gene markers HPSE2, EYA4, SST, PLCH1 with a NS-Forest FBeta value of 0.3615384615384615s.	NCBITaxon:9606
http://example.org/a29aad04-bbf6-503a-bf9f-81caf832b532	owl:NamedIndividual	Sst_10	CLM:1001180	A Sst_10 in the Human Brain has the gene markers HPSE2, EYA4, SST, PLCH1 with a NS-Forest FBeta value of 0.3615384615384615s.	NCBITaxon:9606
http://example.org/83659dfd-6c91-5325-9146-3a6162f87688	owl:NamedIndividual	Sst_11	CLM:1001181	A Sst_11 in the Human Brain has the gene markers ADGRG6, PROM1, SYT9 with a NS-Forest FBeta value of 0.34898477157360397s.	NCBITaxon:9606
http://example.org/c66cbd73-64c2-58a7-b8b2-4a9f178fe918	owl:NamedIndividual	Sst_11	CLM:1001181	A Sst_11 in the Human Brain has the gene markers ADGRG6, PROM1, SYT9 with a NS-Forest FBeta value of 0.34898477157360397s.	NCBITaxon:9606
http://example.org/fff6bb7f-da2d-5371-981c-bb398c4140d3	owl:NamedIndividual	Sst_12	CLM:1001182	A Sst_12 in the Human Brain has the gene markers CBLN4, SLC24A4, EYS, PLCH1 with a NS-Forest FBeta value of 0.34348441926345613s.	NCBITaxon:9606
http://example.org/c220880e-2a72-5069-9f2d-1df0b4c842b4	owl:NamedIndividual	Sst_12	CLM:1001182	A Sst_12 in the Human Brain has the gene markers CBLN4, SLC24A4, EYS, PLCH1 with a NS-Forest FBeta value of 0.34348441926345613s.	NCBITaxon:9606
http://example.org/71b542b7-a06f-52ce-8c0e-cd661ed3582a	owl:NamedIndividual	Sst_13	CLM:1001183	A Sst_13 in the Human Brain has the gene markers FBN2, TRPC6, EPB41L4A with a NS-Forest FBeta value of 0.5461876832844575s.	NCBITaxon:9606
http://example.org/ad469582-bf00-57e8-bbb3-c4e209767774	owl:NamedIndividual	Sst_13	CLM:1001183	A Sst_13 in the Human Brain has the gene markers FBN2, TRPC6, EPB41L4A with a NS-Forest FBeta value of 0.5461876832844575s.	NCBITaxon:9606
http://example.org/1038574c-cdb3-55f3-8a2e-9667a0f276f8	owl:NamedIndividual	Sst_14	CLM:1001184	A Sst_14 in the Human Brain has the gene markers SLC9A2, ROR1, EYA4 with a NS-Forest FBeta value of 0.46314741035856577s.	NCBITaxon:9606
http://example.org/c6a0df81-e8d0-5a72-8d68-98ceaefb7037	owl:NamedIndividual	Sst_14	CLM:1001184	A Sst_14 in the Human Brain has the gene markers SLC9A2, ROR1, EYA4 with a NS-Forest FBeta value of 0.46314741035856577s.	NCBITaxon:9606
http://example.org/7a59e428-c910-56f6-8203-80543e9edf59	owl:NamedIndividual	Sst_15	CLM:1001185	A Sst_15 in the Human Brain has the gene markers DPP4, EPB41L4A, FREM1, PLCH1 with a NS-Forest FBeta value of 0.45995670995671s.	NCBITaxon:9606
http://example.org/59a468ac-c3c6-54db-a942-fa81bbdb0761	owl:NamedIndividual	Sst_15	CLM:1001185	A Sst_15 in the Human Brain has the gene markers DPP4, EPB41L4A, FREM1, PLCH1 with a NS-Forest FBeta value of 0.45995670995671s.	NCBITaxon:9606
http://example.org/1bcf4ddb-22fe-5ec7-ba66-4545beb7fb34	owl:NamedIndividual	Sst_16	CLM:1001186	A Sst_16 in the Human Brain has the gene markers LINC01630, DACH1, VAV3 with a NS-Forest FBeta value of 0.6000000000000001s.	NCBITaxon:9606
http://example.org/3d72dcc5-7f86-548f-8fdc-44923f674594	owl:NamedIndividual	Sst_16	CLM:1001186	A Sst_16 in the Human Brain has the gene markers LINC01630, DACH1, VAV3 with a NS-Forest FBeta value of 0.6000000000000001s.	NCBITaxon:9606
http://example.org/bf895c5d-205a-5ff1-a7af-c35981907bb8	owl:NamedIndividual	Sst_17	CLM:1001187	A Sst_17 in the Human Brain has the gene markers PROM1, EYA2, PLCH1 with a NS-Forest FBeta value of 0.40226063829787234s.	NCBITaxon:9606
http://example.org/5619b281-8a1c-5775-94ec-f177850fee5f	owl:NamedIndividual	Sst_17	CLM:1001187	A Sst_17 in the Human Brain has the gene markers PROM1, EYA2, PLCH1 with a NS-Forest FBeta value of 0.40226063829787234s.	NCBITaxon:9606
http://example.org/d5953578-cdfb-51d6-a7d7-b32758ac4a09	owl:NamedIndividual	Sst_18	CLM:1001188	A Sst_18 in the Human Brain has the gene markers ENOX2, PNOC, SST, RELN with a NS-Forest FBeta value of 0.34307875894988066s.	NCBITaxon:9606
http://example.org/0c7342b5-0db3-5118-a85d-17b6ae1932ff	owl:NamedIndividual	Sst_18	CLM:1001188	A Sst_18 in the Human Brain has the gene markers ENOX2, PNOC, SST, RELN with a NS-Forest FBeta value of 0.34307875894988066s.	NCBITaxon:9606
http://example.org/79987796-35a9-594c-a55b-53eb2cf3cb89	owl:NamedIndividual	Sst_19	CLM:1001189	A Sst_19 in the Human Brain has the gene markers EPB41L4A, GPC5, PLCH1 with a NS-Forest FBeta value of 0.7339449541284404s.	NCBITaxon:9606
http://example.org/b75080ab-5913-59be-9455-35fe943bf334	owl:NamedIndividual	Sst_19	CLM:1001189	A Sst_19 in the Human Brain has the gene markers EPB41L4A, GPC5, PLCH1 with a NS-Forest FBeta value of 0.7339449541284404s.	NCBITaxon:9606
http://example.org/143b6349-3e1b-565a-9da2-895a8fb437e0	owl:NamedIndividual	Sst_20	CLM:1001190	A Sst_20 in the Human Brain has the gene markers QRFPR, HGF, RELN with a NS-Forest FBeta value of 0.4671717171717172s.	NCBITaxon:9606
http://example.org/6b375195-f489-5039-8527-fa4343cd3c4a	owl:NamedIndividual	Sst_20	CLM:1001190	A Sst_20 in the Human Brain has the gene markers QRFPR, HGF, RELN with a NS-Forest FBeta value of 0.4671717171717172s.	NCBITaxon:9606
http://example.org/7e12ff9d-57ac-5b39-927d-7aa87fa6abf3	owl:NamedIndividual	Sst_21	CLM:1001191	A Sst_21 in the Human Brain has the gene markers ANGPT1, FBN2, COL24A1 with a NS-Forest FBeta value of 0.48315602836879434s.	NCBITaxon:9606
http://example.org/3828d162-ba43-5b08-8c40-8a1e55a13b5b	owl:NamedIndividual	Sst_21	CLM:1001191	A Sst_21 in the Human Brain has the gene markers ANGPT1, FBN2, COL24A1 with a NS-Forest FBeta value of 0.48315602836879434s.	NCBITaxon:9606
http://example.org/450fc9f5-7471-5453-823d-943abd34688f	owl:NamedIndividual	Sst_22	CLM:1001192	A Sst_22 in the Human Brain has the gene markers EPB41L4A, ITGA8, SST with a NS-Forest FBeta value of 0.4351032448377581s.	NCBITaxon:9606
http://example.org/e52b9e49-7c8b-5d77-a2dd-255b2bea3ea7	owl:NamedIndividual	Sst_22	CLM:1001192	A Sst_22 in the Human Brain has the gene markers EPB41L4A, ITGA8, SST with a NS-Forest FBeta value of 0.4351032448377581s.	NCBITaxon:9606
http://example.org/797f9d9e-d706-59b9-bccc-ecd1dc1f2c6d	owl:NamedIndividual	Sst_23	CLM:1001193	A Sst_23 in the Human Brain has the gene markers NIBAN1, PROM1, THSD7B with a NS-Forest FBeta value of 0.6134686346863469s.	NCBITaxon:9606
http://example.org/afb693d9-efb6-5703-923c-d9e46a3c1f76	owl:NamedIndividual	Sst_23	CLM:1001193	A Sst_23 in the Human Brain has the gene markers NIBAN1, PROM1, THSD7B with a NS-Forest FBeta value of 0.6134686346863469s.	NCBITaxon:9606
http://example.org/ce55a1d4-8506-5fd9-9e8f-b93318f31545	owl:NamedIndividual	Sst_24	CLM:1001194	A Sst_24 in the Human Brain has the gene markers NDST4, BMP6, MYO5B with a NS-Forest FBeta value of 0.37790697674418605s.	NCBITaxon:9606
http://example.org/ef5f2707-c50d-5da2-910c-55c1a4f67433	owl:NamedIndividual	Sst_24	CLM:1001194	A Sst_24 in the Human Brain has the gene markers NDST4, BMP6, MYO5B with a NS-Forest FBeta value of 0.37790697674418605s.	NCBITaxon:9606
http://example.org/1a215a06-94aa-5ad6-b593-efd1afe46938	owl:NamedIndividual	Sst_25	CLM:1001195	A Sst_25 in the Human Brain has the gene markers BLM, CALB1, STK32B with a NS-Forest FBeta value of 0.45689655172413796s.	NCBITaxon:9606
http://example.org/d0fd407c-f703-5334-8419-0b901c899564	owl:NamedIndividual	Sst_25	CLM:1001195	A Sst_25 in the Human Brain has the gene markers BLM, CALB1, STK32B with a NS-Forest FBeta value of 0.45689655172413796s.	NCBITaxon:9606
http://example.org/391ffeff-5536-5336-9be8-af5cac96c5ad	owl:NamedIndividual	Sst_26	CLM:1001196	A Sst_26 in the Human Brain has the gene markers MME, FBN2, MCUB with a NS-Forest FBeta value of 0.2326233183856502s.	NCBITaxon:9606
http://example.org/6f34892a-4c29-5b8c-9d8c-3364a66ed435	owl:NamedIndividual	Sst_26	CLM:1001196	A Sst_26 in the Human Brain has the gene markers MME, FBN2, MCUB with a NS-Forest FBeta value of 0.2326233183856502s.	NCBITaxon:9606
http://example.org/32d707b4-cc3e-5c76-86f5-594f63806004	owl:NamedIndividual	Sst_27	CLM:1001197	A Sst_27 in the Human Brain has the gene markers EDNRA, MT-ND5, FREM1, SST with a NS-Forest FBeta value of 0.39168937329700276s.	NCBITaxon:9606
http://example.org/80c0a03d-2a1a-5f6b-8e19-e2697783fe9d	owl:NamedIndividual	Sst_27	CLM:1001197	A Sst_27 in the Human Brain has the gene markers EDNRA, MT-ND5, FREM1, SST with a NS-Forest FBeta value of 0.39168937329700276s.	NCBITaxon:9606
http://example.org/2dedc8b5-f654-5e99-9bd5-4f678f283795	owl:NamedIndividual	Sst_28	CLM:1001198	A Sst_28 in the Human Brain has the gene markers PROM1, NDST4, TRPC6 with a NS-Forest FBeta value of 0.5884615384615385s.	NCBITaxon:9606
http://example.org/eb19c81d-5518-5313-bd59-c261e11e9122	owl:NamedIndividual	Sst_28	CLM:1001198	A Sst_28 in the Human Brain has the gene markers PROM1, NDST4, TRPC6 with a NS-Forest FBeta value of 0.5884615384615385s.	NCBITaxon:9606
http://example.org/d4b92a78-d00c-5ca0-84f5-e391741dfb8d	owl:NamedIndividual	Sst_29	CLM:1001199	A Sst_29 in the Human Brain has the gene markers ENPP1, QRFPR, PIEZO2 with a NS-Forest FBeta value of 0.41353383458646614s.	NCBITaxon:9606
http://example.org/96b2a9c8-a39a-5bc9-bc60-cf34b48ef63e	owl:NamedIndividual	Sst_29	CLM:1001199	A Sst_29 in the Human Brain has the gene markers ENPP1, QRFPR, PIEZO2 with a NS-Forest FBeta value of 0.41353383458646614s.	NCBITaxon:9606
http://example.org/e4bfff20-3913-5c68-b3d2-facd70233707	owl:NamedIndividual	Sst_30	CLM:1001200	A Sst_30 in the Human Brain has the gene markers NOTCH2, HTR2C, FBN2 with a NS-Forest FBeta value of 0.4063786008230453s.	NCBITaxon:9606
http://example.org/815933f9-fbec-5177-8963-c58279eaffc8	owl:NamedIndividual	Sst_30	CLM:1001200	A Sst_30 in the Human Brain has the gene markers NOTCH2, HTR2C, FBN2 with a NS-Forest FBeta value of 0.4063786008230453s.	NCBITaxon:9606
http://example.org/7d1acf27-32b8-59e8-897c-4430648680b5	owl:NamedIndividual	Sst_31	CLM:1001201	A Sst_31 in the Human Brain has the gene markers FRZB, CBLN4, RGS5_ENSG00000143248, ARHGAP10 with a NS-Forest FBeta value of 0.4743083003952569s.	NCBITaxon:9606
http://example.org/d4ec6322-15c9-5fc1-a349-ddaf197bd5d8	owl:NamedIndividual	Sst_31	CLM:1001201	A Sst_31 in the Human Brain has the gene markers FRZB, CBLN4, RGS5_ENSG00000143248, ARHGAP10 with a NS-Forest FBeta value of 0.4743083003952569s.	NCBITaxon:9606
http://example.org/dafae1b1-e6e8-5c32-80fb-74144a827dee	owl:NamedIndividual	Sst_32	CLM:1001202	A Sst_32 in the Human Brain has the gene markers HPGD, PENK, EYA2 with a NS-Forest FBeta value of 0.40567282321899734s.	NCBITaxon:9606
http://example.org/f8eaa8fd-02bf-5938-8c56-ee74f33fdd0a	owl:NamedIndividual	Sst_32	CLM:1001202	A Sst_32 in the Human Brain has the gene markers HPGD, PENK, EYA2 with a NS-Forest FBeta value of 0.40567282321899734s.	NCBITaxon:9606
http://example.org/34b3e59a-53c2-51a5-9e27-c8ae9bd86b78	owl:NamedIndividual	Sst_33	CLM:1001203	A Sst_33 in the Human Brain has the gene markers CRYBG3, BMP6, HTR2C with a NS-Forest FBeta value of 0.39086687306501544s.	NCBITaxon:9606
http://example.org/131eb56d-8e78-5931-a6d7-022aac5d8b6a	owl:NamedIndividual	Sst_33	CLM:1001203	A Sst_33 in the Human Brain has the gene markers CRYBG3, BMP6, HTR2C with a NS-Forest FBeta value of 0.39086687306501544s.	NCBITaxon:9606
http://example.org/8e12490d-1b11-5355-8f62-826630f11024	owl:NamedIndividual	Sst_34	CLM:1001204	A Sst_34 in the Human Brain has the gene markers TTC29, TCF7L1 with a NS-Forest FBeta value of 0.565749235474006s.	NCBITaxon:9606
http://example.org/5c09b5f6-7457-5662-bb6a-513e627a3cb3	owl:NamedIndividual	Sst_34	CLM:1001204	A Sst_34 in the Human Brain has the gene markers TTC29, TCF7L1 with a NS-Forest FBeta value of 0.565749235474006s.	NCBITaxon:9606
http://example.org/68d9d04b-3a34-50c9-a127-dfd92c029121	owl:NamedIndividual	Sst_35	CLM:1001205	A Sst_35 in the Human Brain has the gene markers ACVR1C, EYA2, TRIM67 with a NS-Forest FBeta value of 0.5226480836236933s.	NCBITaxon:9606
http://example.org/b5a08c20-6c1e-5799-95dc-7c67595b375e	owl:NamedIndividual	Sst_35	CLM:1001205	A Sst_35 in the Human Brain has the gene markers ACVR1C, EYA2, TRIM67 with a NS-Forest FBeta value of 0.5226480836236933s.	NCBITaxon:9606
http://example.org/f17e7ae2-a36c-53cf-9073-38e299846def	owl:NamedIndividual	Sst_36	CLM:1001206	A Sst_36 in the Human Brain has the gene markers TRDN, ITGA1, PARD3B, PLCH1 with a NS-Forest FBeta value of 0.6381381381381382s.	NCBITaxon:9606
http://example.org/e3ae895c-234b-5acb-8098-3be1f2547bdc	owl:NamedIndividual	Sst_36	CLM:1001206	A Sst_36 in the Human Brain has the gene markers TRDN, ITGA1, PARD3B, PLCH1 with a NS-Forest FBeta value of 0.6381381381381382s.	NCBITaxon:9606
http://example.org/ca1bca49-71ac-52f4-9696-d732b5a7bdda	owl:NamedIndividual	Sst_37	CLM:1001207	A Sst_37 in the Human Brain has the gene markers PROM1, CRHBP, SST with a NS-Forest FBeta value of 0.5s.	NCBITaxon:9606
http://example.org/86c7ec43-72ff-59f4-ac18-fa41ae2ec2aa	owl:NamedIndividual	Sst_37	CLM:1001207	A Sst_37 in the Human Brain has the gene markers PROM1, CRHBP, SST with a NS-Forest FBeta value of 0.5s.	NCBITaxon:9606
http://example.org/8577fcc8-5cc5-5f56-b51f-352b04c39651	owl:NamedIndividual	VLMC_1	CLM:1001208	A VLMC_1 in the Human Brain has the gene markers TAGLN, ACTA2 with a NS-Forest FBeta value of 0.8559498956158662s.	NCBITaxon:9606
http://example.org/e7436099-04f1-5cdb-adc7-634d07537c7b	owl:NamedIndividual	VLMC_1	CLM:1001208	A VLMC_1 in the Human Brain has the gene markers TAGLN, ACTA2 with a NS-Forest FBeta value of 0.8559498956158662s.	NCBITaxon:9606
http://example.org/da5fd9ef-c68a-5af2-9262-7a622fc4e53f	owl:NamedIndividual	VLMC_2	CLM:1001209	A VLMC_2 in the Human Brain has the gene markers SLC19A1, COLEC12 with a NS-Forest FBeta value of 0.876753507014028s.	NCBITaxon:9606
http://example.org/50b158f1-f8d1-5702-b142-f44c5ee18e06	owl:NamedIndividual	VLMC_2	CLM:1001209	A VLMC_2 in the Human Brain has the gene markers SLC19A1, COLEC12 with a NS-Forest FBeta value of 0.876753507014028s.	NCBITaxon:9606
http://example.org/b40922b1-3c80-5b08-bdf0-ec9c2b2e23bd	owl:NamedIndividual	Vip_1	CLM:1001210	A Vip_1 in the Human Brain has the gene markers FLT1, LRRC1, SHISA8 with a NS-Forest FBeta value of 0.400763358778626s.	NCBITaxon:9606
http://example.org/424c81ed-0299-5063-8215-628aaf9a2cfa	owl:NamedIndividual	Vip_1	CLM:1001210	A Vip_1 in the Human Brain has the gene markers FLT1, LRRC1, SHISA8 with a NS-Forest FBeta value of 0.400763358778626s.	NCBITaxon:9606
http://example.org/c22f7e92-116a-54b8-87f9-b64c3c5a8498	owl:NamedIndividual	Vip_2	CLM:1001211	A Vip_2 in the Human Brain has the gene markers IGFBP5, SLC22A3, PTGDS, VIP with a NS-Forest FBeta value of 0.4741379310344827s.	NCBITaxon:9606
http://example.org/20ce6348-6659-527a-92b3-c9558d84770e	owl:NamedIndividual	Vip_2	CLM:1001211	A Vip_2 in the Human Brain has the gene markers IGFBP5, SLC22A3, PTGDS, VIP with a NS-Forest FBeta value of 0.4741379310344827s.	NCBITaxon:9606
http://example.org/d7a47e62-a10b-5e77-a89f-29495a99af36	owl:NamedIndividual	Vip_3	CLM:1001212	A Vip_3 in the Human Brain has the gene markers HPSE2, TRPC6, VIP with a NS-Forest FBeta value of 0.40249999999999997s.	NCBITaxon:9606
http://example.org/efad084b-98ab-540f-9bb9-53daaaf32c4e	owl:NamedIndividual	Vip_3	CLM:1001212	A Vip_3 in the Human Brain has the gene markers HPSE2, TRPC6, VIP with a NS-Forest FBeta value of 0.40249999999999997s.	NCBITaxon:9606
http://example.org/77c19f58-4076-5447-99c6-5e0290bca684	owl:NamedIndividual	Vip_4	CLM:1001213	A Vip_4 in the Human Brain has the gene markers WNT5A, ABI3BP, VCAN with a NS-Forest FBeta value of 0.546875s.	NCBITaxon:9606
http://example.org/5eb56099-d3c8-5678-80cd-8eb3a98d9785	owl:NamedIndividual	Vip_4	CLM:1001213	A Vip_4 in the Human Brain has the gene markers WNT5A, ABI3BP, VCAN with a NS-Forest FBeta value of 0.546875s.	NCBITaxon:9606
http://example.org/97c5f6f6-25ef-532d-8f94-5411640d341b	owl:NamedIndividual	Vip_5	CLM:1001214	A Vip_5 in the Human Brain has the gene markers LINC01630, IQGAP2, THSD4 with a NS-Forest FBeta value of 0.4801324503311257s.	NCBITaxon:9606
http://example.org/b455cd88-5f0b-5fd0-9c97-fb495896b8c4	owl:NamedIndividual	Vip_5	CLM:1001214	A Vip_5 in the Human Brain has the gene markers LINC01630, IQGAP2, THSD4 with a NS-Forest FBeta value of 0.4801324503311257s.	NCBITaxon:9606
http://example.org/919265db-1edb-5a32-b22d-11ab03b7ad92	owl:NamedIndividual	Vip_6	CLM:1001215	A Vip_6 in the Human Brain has the gene markers SMOC1, IQGAP2, PARD3B with a NS-Forest FBeta value of 0.5082179930795848s.	NCBITaxon:9606
http://example.org/3ec9bd09-bdc7-5380-9786-be1dd067f4df	owl:NamedIndividual	Vip_6	CLM:1001215	A Vip_6 in the Human Brain has the gene markers SMOC1, IQGAP2, PARD3B with a NS-Forest FBeta value of 0.5082179930795848s.	NCBITaxon:9606
http://example.org/170fd7f9-f673-5cd0-a423-cc58a1e5f3e1	owl:NamedIndividual	Vip_7	CLM:1001216	A Vip_7 in the Human Brain has the gene markers CCN2, PCDH18, SEMA3C, HPSE2 with a NS-Forest FBeta value of 0.40059347181008903s.	NCBITaxon:9606
http://example.org/8e3f84eb-0476-5d23-bcac-d17088fe8131	owl:NamedIndividual	Vip_7	CLM:1001216	A Vip_7 in the Human Brain has the gene markers CCN2, PCDH18, SEMA3C, HPSE2 with a NS-Forest FBeta value of 0.40059347181008903s.	NCBITaxon:9606
http://example.org/453505f4-5e04-5177-9ccf-a090201c377f	owl:NamedIndividual	Vip_8	CLM:1001217	A Vip_8 in the Human Brain has the gene markers VWDE, WSCD1, DACH2 with a NS-Forest FBeta value of 0.3183962264150943s.	NCBITaxon:9606
http://example.org/80b0265f-4383-55ac-9c1d-73b35f00741e	owl:NamedIndividual	Vip_8	CLM:1001217	A Vip_8 in the Human Brain has the gene markers VWDE, WSCD1, DACH2 with a NS-Forest FBeta value of 0.3183962264150943s.	NCBITaxon:9606
http://example.org/2cf8de9a-248c-5795-96f2-6c2606c85559	owl:NamedIndividual	Vip_9	CLM:1001218	A Vip_9 in the Human Brain has the gene markers SLC7A11, TNS3, PPP1R1C, COBLL1 with a NS-Forest FBeta value of 0.48302107728337235s.	NCBITaxon:9606
http://example.org/2df41bbe-51b9-5ce9-b1b9-fc129d724f65	owl:NamedIndividual	Vip_9	CLM:1001218	A Vip_9 in the Human Brain has the gene markers SLC7A11, TNS3, PPP1R1C, COBLL1 with a NS-Forest FBeta value of 0.48302107728337235s.	NCBITaxon:9606
http://example.org/bebd3322-06a0-562b-8718-bd62fd168ef1	owl:NamedIndividual	Vip_10	CLM:1001219	A Vip_10 in the Human Brain has the gene markers ABI3BP, KCNG2, PARD3B with a NS-Forest FBeta value of 0.5405405405405405s.	NCBITaxon:9606
http://example.org/33838354-d83a-5e9c-acd3-849a542fe7cb	owl:NamedIndividual	Vip_10	CLM:1001219	A Vip_10 in the Human Brain has the gene markers ABI3BP, KCNG2, PARD3B with a NS-Forest FBeta value of 0.5405405405405405s.	NCBITaxon:9606
http://example.org/76d9674d-944d-50dc-bbcc-1b22a543b0aa	owl:NamedIndividual	Vip_11	CLM:1001220	A Vip_11 in the Human Brain has the gene markers ABI3BP, MCTP2, SLC22A3, PROS1 with a NS-Forest FBeta value of 0.43523676880222845s.	NCBITaxon:9606
http://example.org/ffb69102-f8f2-59a7-b585-a26138c298b5	owl:NamedIndividual	Vip_11	CLM:1001220	A Vip_11 in the Human Brain has the gene markers ABI3BP, MCTP2, SLC22A3, PROS1 with a NS-Forest FBeta value of 0.43523676880222845s.	NCBITaxon:9606
http://example.org/9db4af56-a03e-55e4-9cc4-eba9ae7a57bd	owl:NamedIndividual	Vip_12	CLM:1001221	A Vip_12 in the Human Brain has the gene markers SLC7A11, HCRTR2, EPS8 with a NS-Forest FBeta value of 0.5889057750759878s.	NCBITaxon:9606
http://example.org/59c956ae-d2cb-52f1-ba04-644542b2a326	owl:NamedIndividual	Vip_12	CLM:1001221	A Vip_12 in the Human Brain has the gene markers SLC7A11, HCRTR2, EPS8 with a NS-Forest FBeta value of 0.5889057750759878s.	NCBITaxon:9606
http://example.org/5aa178b7-96f6-53fb-9cf5-8eb305a670a4	owl:NamedIndividual	Vip_13	CLM:1001222	A Vip_13 in the Human Brain has the gene markers ST18, PTGDS, VIP with a NS-Forest FBeta value of 0.42776639344262285s.	NCBITaxon:9606
http://example.org/fa3519de-625e-58ad-8090-47ecd59e4c78	owl:NamedIndividual	Vip_13	CLM:1001222	A Vip_13 in the Human Brain has the gene markers ST18, PTGDS, VIP with a NS-Forest FBeta value of 0.42776639344262285s.	NCBITaxon:9606
http://example.org/f40cee6f-ddb4-590e-ba32-c8508cb1dc3b	owl:NamedIndividual	Vip_14	CLM:1001223	A Vip_14 in the Human Brain has the gene markers ST18, KCNH8, CA10, VIP with a NS-Forest FBeta value of 0.5968468468468467s.	NCBITaxon:9606
http://example.org/777ac0fb-91c3-539f-8ab0-f8aba500e975	owl:NamedIndividual	Vip_14	CLM:1001223	A Vip_14 in the Human Brain has the gene markers ST18, KCNH8, CA10, VIP with a NS-Forest FBeta value of 0.5968468468468467s.	NCBITaxon:9606
http://example.org/7993342c-f5a1-5ad5-91c4-2a945c5d3742	owl:NamedIndividual	Vip_15	CLM:1001224	A Vip_15 in the Human Brain has the gene markers SVIL, VIP with a NS-Forest FBeta value of 0.6172360248447205s.	NCBITaxon:9606
http://example.org/72700095-dab0-5b58-894c-97a7a65b8963	owl:NamedIndividual	Vip_15	CLM:1001224	A Vip_15 in the Human Brain has the gene markers SVIL, VIP with a NS-Forest FBeta value of 0.6172360248447205s.	NCBITaxon:9606
http://example.org/4c067fa8-8fe3-5d6f-b590-c83d41198ec5	owl:NamedIndividual	Vip_16	CLM:1001225	A Vip_16 in the Human Brain has the gene markers NDST4, SEMA3C, HTR2C, VIP with a NS-Forest FBeta value of 0.38s.	NCBITaxon:9606
http://example.org/031bb4ce-7a74-5c7c-be97-388b3d1545fe	owl:NamedIndividual	Vip_16	CLM:1001225	A Vip_16 in the Human Brain has the gene markers NDST4, SEMA3C, HTR2C, VIP with a NS-Forest FBeta value of 0.38s.	NCBITaxon:9606
http://example.org/a1634a4e-feed-54bd-9895-20c205e654b9	owl:NamedIndividual	Vip_17	CLM:1001226	A Vip_17 in the Human Brain has the gene markers PENK, PARD3B with a NS-Forest FBeta value of 0.6040502793296089s.	NCBITaxon:9606
http://example.org/a4433a13-b5ab-589f-bd64-f85f1a0d2e1e	owl:NamedIndividual	Vip_17	CLM:1001226	A Vip_17 in the Human Brain has the gene markers PENK, PARD3B with a NS-Forest FBeta value of 0.6040502793296089s.	NCBITaxon:9606
http://example.org/90e235f5-735a-524f-bfb4-20caf4f6d4f4	owl:NamedIndividual	Vip_18	CLM:1001227	A Vip_18 in the Human Brain has the gene markers NOX4, RXRG, NDST4 with a NS-Forest FBeta value of 0.38953488372093026s.	NCBITaxon:9606
http://example.org/00c3e6b7-1fe8-57ee-b890-21c050a3d411	owl:NamedIndividual	Vip_18	CLM:1001227	A Vip_18 in the Human Brain has the gene markers NOX4, RXRG, NDST4 with a NS-Forest FBeta value of 0.38953488372093026s.	NCBITaxon:9606
http://example.org/aacb5317-93b8-52da-864c-d55fd8dafbe9	owl:NamedIndividual	Vip_19	CLM:1001228	A Vip_19 in the Human Brain has the gene markers CBLN1, HTR2C, VIP with a NS-Forest FBeta value of 0.5353075170842825s.	NCBITaxon:9606
http://example.org/94265f82-0c6d-5fb0-a8cf-ed8d99d6ac55	owl:NamedIndividual	Vip_19	CLM:1001228	A Vip_19 in the Human Brain has the gene markers CBLN1, HTR2C, VIP with a NS-Forest FBeta value of 0.5353075170842825s.	NCBITaxon:9606
http://example.org/36a0c118-b61d-58ea-bb05-af465c70a750	owl:NamedIndividual	Vip_20	CLM:1001229	A Vip_20 in the Human Brain has the gene markers CBLN1, VIPR2, PPP1R1C, VIP with a NS-Forest FBeta value of 0.3658536585365853s.	NCBITaxon:9606
http://example.org/d528c703-7cd7-5692-bdd2-4fe8650f73ee	owl:NamedIndividual	Vip_20	CLM:1001229	A Vip_20 in the Human Brain has the gene markers CBLN1, VIPR2, PPP1R1C, VIP with a NS-Forest FBeta value of 0.3658536585365853s.	NCBITaxon:9606
http://example.org/dc7538c4-8653-56d0-ba33-d27accf78c6e	owl:NamedIndividual	Vip_21	CLM:1001230	A Vip_21 in the Human Brain has the gene markers ALDH1A2, ROR2 with a NS-Forest FBeta value of 0.6180811808118081s.	NCBITaxon:9606
http://example.org/a0836c38-f6fa-5092-b659-68bbe4745232	owl:NamedIndividual	Vip_21	CLM:1001230	A Vip_21 in the Human Brain has the gene markers ALDH1A2, ROR2 with a NS-Forest FBeta value of 0.6180811808118081s.	NCBITaxon:9606
http://example.org/1e2336d0-d9e4-521d-afc2-09d4115526fa	owl:NamedIndividual	Vip_22	CLM:1001231	A Vip_22 in the Human Brain has the gene markers ABI3BP, SLC7A11, EDNRA with a NS-Forest FBeta value of 0.5279126213592233s.	NCBITaxon:9606
http://example.org/cd3ebad5-bfb5-5a64-9a11-1d51f5873544	owl:NamedIndividual	Vip_22	CLM:1001231	A Vip_22 in the Human Brain has the gene markers ABI3BP, SLC7A11, EDNRA with a NS-Forest FBeta value of 0.5279126213592233s.	NCBITaxon:9606
http://example.org/59badafe-41af-5657-a882-26529506fa0d	owl:NamedIndividual	Vip_23	CLM:1001232	A Vip_23 in the Human Brain has the gene markers KCNH8, EDNRA, KMO with a NS-Forest FBeta value of 0.54251269035533s.	NCBITaxon:9606
http://example.org/240b8e84-9ef7-52de-aa94-ae81ba74bfec	owl:NamedIndividual	Vip_23	CLM:1001232	A Vip_23 in the Human Brain has the gene markers KCNH8, EDNRA, KMO with a NS-Forest FBeta value of 0.54251269035533s.	NCBITaxon:9606
http://example.org/b64863d2-ee8c-5668-bdda-2bebbe671005	owl:NamedIndividual	Vip_24	CLM:1001233	A Vip_24 in the Human Brain has the gene markers LYPD1, ENHO, CHRNA2 with a NS-Forest FBeta value of 0.36276223776223776s.	NCBITaxon:9606
http://example.org/85ae9809-473f-5b1a-aa06-3783cd8e03a5	owl:NamedIndividual	Vip_24	CLM:1001233	A Vip_24 in the Human Brain has the gene markers LYPD1, ENHO, CHRNA2 with a NS-Forest FBeta value of 0.36276223776223776s.	NCBITaxon:9606
http://example.org/1d48b629-c05d-5cbc-9c9f-60525a98cdc5	owl:NamedIndividual	Vip_25	CLM:1001234	A Vip_25 in the Human Brain has the gene markers NOX4, IQGAP2, CBLN4 with a NS-Forest FBeta value of 0.5275229357798166s.	NCBITaxon:9606
http://example.org/37e10059-310a-5ec3-b255-324d152608aa	owl:NamedIndividual	Vip_25	CLM:1001234	A Vip_25 in the Human Brain has the gene markers NOX4, IQGAP2, CBLN4 with a NS-Forest FBeta value of 0.5275229357798166s.	NCBITaxon:9606
http://example.org/7e108f73-253d-5ab2-a065-876d5de092ac	owl:NamedIndividual	Vip_26	CLM:1001235	A Vip_26 in the Human Brain has the gene markers SEMA3C, LINC01630, HPSE2, TAC3 with a NS-Forest FBeta value of 0.5947955390334573s.	NCBITaxon:9606
http://example.org/ad6581ea-42a7-5bc4-b752-1fd804139e10	owl:NamedIndividual	Vip_26	CLM:1001235	A Vip_26 in the Human Brain has the gene markers SEMA3C, LINC01630, HPSE2, TAC3 with a NS-Forest FBeta value of 0.5947955390334573s.	NCBITaxon:9606
http://example.org/fe441b57-f2bd-5134-a6b5-d513e3cfc7bc	owl:NamedIndividual	Vip_27	CLM:1001236	A Vip_27 in the Human Brain has the gene markers DACH2, CHRNA7, MIR4500HG, VIP with a NS-Forest FBeta value of 0.5466778805719091s.	NCBITaxon:9606
http://example.org/7b911472-5ec7-52e1-9c8a-3f889daddaff	owl:NamedIndividual	Vip_27	CLM:1001236	A Vip_27 in the Human Brain has the gene markers DACH2, CHRNA7, MIR4500HG, VIP with a NS-Forest FBeta value of 0.5466778805719091s.	NCBITaxon:9606
http://example.org/bb029bd8-9263-58f3-b456-899d9cfe8bf3	owl:NamedIndividual	Vip_28	CLM:1001237	A Vip_28 in the Human Brain has the gene markers HTR2C, DCN with a NS-Forest FBeta value of 0.3763440860215054s.	NCBITaxon:9606
http://example.org/45155d8a-9f26-56b9-8db9-644a7e854110	owl:NamedIndividual	Vip_28	CLM:1001237	A Vip_28 in the Human Brain has the gene markers HTR2C, DCN with a NS-Forest FBeta value of 0.3763440860215054s.	NCBITaxon:9606
http://example.org/0fa5c018-22a3-5525-900a-3451e5108cc2	owl:NamedIndividual	Vip_29	CLM:1001238	A Vip_29 in the Human Brain has the gene markers IQGAP2, KCNJ2, TAC1, MYO5B, VIP with a NS-Forest FBeta value of 0.49180327868852464s.	NCBITaxon:9606
http://example.org/713d5c24-5c16-5d44-9c97-630728ef7dea	owl:NamedIndividual	Vip_29	CLM:1001238	A Vip_29 in the Human Brain has the gene markers IQGAP2, KCNJ2, TAC1, MYO5B, VIP with a NS-Forest FBeta value of 0.49180327868852464s.	NCBITaxon:9606
